Order,Creative,Date,adgapid_booking,adgapid_creative,Creative target ad unit size,SP_Buchungsstandort,Total impressions,Total clicks,Total CTR,Total revenue,First quartiles,Midpoints,Third quartiles,Completes,Average viewing rate,Total Active View average viewable time (seconds)
DAT-2026-FKI-Flight2-Digital_38922,Easy Reinkommen,2026-08-01,adgapid_023_845008_00038922_021_0_0,,480x360v,München,1050,0,0.0,17.32,988,966,956,949,0.9316,14.1383
DAT-2026-FKI-Flight2-Digital_38922,Easy Reinkommen,2026-08-02,adgapid_023_845008_00038922_021_0_0,,480x360v,München,1153,1,0.0009,19.02,1109,1089,1073,1067,0.9485,14.1685
DAT-2026-FKI-Flight2-Digital_38922,Easy Reinkommen,2026-08-03,adgapid_023_845008_00038922_021_0_0,,480x360v,München,1028,0,0.0,16.96,975,957,942,934,0.9328,13.9942
DAT-2026-FKI-Flight2-Digital_38922,Easy Reinkommen,2026-08-04,adgapid_023_845008_00038922_021_0_0,,480x360v,München,1101,2,0.0018,18.17,1059,1039,1027,1025,0.9443,14.1697
DAT-2026-FKI-Flight2-Digital_38922,Easy Reinkommen,2026-08-05,adgapid_023_845008_00038922_021_0_0,,480x360v,München,1086,2,0.0018,17.92,1043,1022,1012,1003,0.945,14.2371
DAT-2026-FKI-Flight2-Digital_38922,Easy Reinkommen,2026-08-06,adgapid_023_845008_00038922_021_0_0,,480x360v,München,992,0,0.0,16.37,941,916,904,899,0.9341,14.0427
DAT-2026-FKI-Flight2-Digital_38922,Easy Reinkommen,2026-08-07,adgapid_023_845008_00038922_021_0_0,,480x360v,München,1049,1,0.001,17.31,1004,987,977,968,0.9477,14.1553
DAT-2026-FKI-Flight2-Digital_38922,Easy Reinkommen,2026-08-08,adgapid_023_845008_00038922_021_0_0,,480x360v,München,993,1,0.001,16.38,925,898,890,880,0.9212,14.0405
DAT-2026-FKI-Flight2-Digital_38922,Easy Reinkommen,2026-08-09,adgapid_023_845008_00038922_021_0_0,,480x360v,München,1019,1,0.001,16.81,959,930,921,918,0.9254,13.9705
DAT-2026-FKI-Flight2-Digital_38922,Easy Reinkommen,2026-08-10,adgapid_023_845008_00038922_021_0_0,,480x360v,München,1049,1,0.001,17.31,978,940,930,921,0.912,13.8545
DAT-2026-FKI-Flight2-Digital_38922,Easy Reinkommen,2026-08-11,adgapid_023_845008_00038922_021_0_0,,480x360v,München,1077,0,0.0,17.77,1017,990,980,968,0.9255,13.9795
DAT-2026-FKI-Flight2-Digital_38922,Easy Reinkommen,2026-08-12,adgapid_023_845008_00038922_021_0_0,,480x360v,München,1036,1,0.001,17.09,979,949,928,922,0.9262,13.9341
DAT-2026-FKI-Flight2-Digital_38922,Easy Reinkommen,2026-08-13,adgapid_023_845008_00038922_021_0_0,,480x360v,München,1069,0,0.0,17.64,993,962,943,937,0.913,13.9588
DAT-2026-FKI-Flight2-Digital_38922,Easy Reinkommen,2026-08-14,adgapid_023_845008_00038922_021_0_0,,480x360v,München,1033,2,0.0019,17.04,969,945,936,927,0.9285,14.1012
DAT-2026-FKI-Flight2-Digital_38922,Easy Reinkommen,2026-08-15,adgapid_023_845008_00038922_021_0_0,,480x360v,München,1101,0,0.0,18.17,1025,997,984,975,0.9154,13.9324
DAT-2026-FKI-Flight2-Digital_38922,Easy Reinkommen,2026-08-16,adgapid_023_845008_00038922_021_0_0,,480x360v,München,1016,0,0.0,16.76,959,931,919,910,0.9297,13.9918
DAT-2026-FKI-Flight2-Digital_38922,Easy Reinkommen,2026-08-17,adgapid_023_845008_00038922_021_0_0,,480x360v,München,999,1,0.001,16.48,949,919,900,888,0.9296,13.9135
DAT-2026-FKI-Flight2-Digital_38922,Easy Reinkommen,2026-08-18,adgapid_023_845008_00038922_021_0_0,,480x360v,München,1043,1,0.001,17.21,981,961,950,944,0.9313,14.042
DAT-2026-FKI-Flight2-Digital_38922,Easy Reinkommen,2026-08-19,adgapid_023_845008_00038922_021_0_0,,480x360v,München,1017,3,0.0029,16.78,949,925,912,904,0.9225,13.9195
DAT-2026-FKI-Flight2-Digital_38922,Easy Reinkommen,2026-08-20,adgapid_023_845008_00038922_021_0_0,,480x360v,München,1036,0,0.0,17.09,971,940,926,920,0.9198,13.9212
DAT-2026-FKI-Flight2-Digital_38922,Easy Reinkommen,2026-08-21,adgapid_023_845008_00038922_021_0_0,,480x360v,München,972,2,0.0021,16.04,902,885,875,870,0.9216,14.1257
DAT-2026-FKI-Flight2-Digital_38922,Easy Reinkommen,2026-08-22,adgapid_023_845008_00038922_021_0_0,,480x360v,München,1068,0,0.0,17.62,991,963,942,934,0.9122,13.9118
DAT-2026-FKI-Flight2-Digital_38922,Easy Reinkommen,2026-08-23,adgapid_023_845008_00038922_021_0_0,,480x360v,München,987,2,0.002,16.29,926,902,885,882,0.9231,14.0467
DAT-2026-FKI-Flight2-Digital_38922,Easy Reinkommen,2026-08-24,adgapid_023_845008_00038922_021_0_0,,480x360v,München,988,0,0.0,16.30,943,920,905,896,0.9347,14.1596
DAT-2026-FKI-Flight2-Digital_38922,Easy Reinkommen,2026-08-25,adgapid_023_845008_00038922_021_0_0,,480x360v,München,983,2,0.002,16.22,930,912,907,901,0.9346,14.1493
DAT-2026-FKI-Flight2-Digital_38922,Easy Reinkommen,2026-08-26,adgapid_023_845008_00038922_021_0_0,,480x360v,München,990,0,0.0,16.34,947,922,919,913,0.941,14.0935
DAT-2026-FKI-Flight2-Digital_38922,Easy Reinkommen,2026-08-27,adgapid_023_845008_00038922_021_0_0,,480x360v,München,1051,1,0.001,17.34,1015,992,987,978,0.9511,14.1542
DAT-2026-FKI-Flight2-Digital_38922,Easy Reinkommen,2026-08-28,adgapid_023_845008_00038922_021_0_0,,480x360v,München,950,2,0.0021,15.68,886,864,852,844,0.92,13.9389
DAT-2026-FKI-Flight2-Digital_38922,Easy Reinkommen,2026-08-29,adgapid_023_845008_00038922_021_0_0,,480x360v,München,914,2,0.0022,15.08,841,820,801,794,0.907,13.844
DAT-2026-FKI-Flight2-Digital_38922,Easy Reinkommen,2026-08-30,adgapid_023_845008_00038922_021_0_0,,480x360v,München,928,1,0.0011,15.31,856,835,818,811,0.9093,14.0579
DAT-2026-FKI-Flight2-Digital_38922,Easy Reinkommen - Bumper,2026-08-01,adgapid_023_845008_00038922_022_0_0,,480x360v,München,1419,0,0.0,15.61,1329,1282,1255,1235,0.9291,5.7395
DAT-2026-FKI-Flight2-Digital_38922,Easy Reinkommen - Bumper,2026-08-02,adgapid_023_845008_00038922_022_0_0,,480x360v,München,1556,2,0.0013,17.12,1491,1442,1414,1397,0.9435,5.7459
DAT-2026-FKI-Flight2-Digital_38922,Easy Reinkommen - Bumper,2026-08-03,adgapid_023_845008_00038922_022_0_0,,480x360v,München,1515,1,0.0007,16.66,1467,1433,1416,1393,0.9582,5.7872
DAT-2026-FKI-Flight2-Digital_38922,Easy Reinkommen - Bumper,2026-08-04,adgapid_023_845008_00038922_022_0_0,,480x360v,München,1405,1,0.0007,15.46,1357,1324,1299,1282,0.9472,5.7678
DAT-2026-FKI-Flight2-Digital_38922,Easy Reinkommen - Bumper,2026-08-05,adgapid_023_845008_00038922_022_0_0,,480x360v,München,1454,2,0.0014,15.99,1402,1354,1324,1301,0.9429,5.7204
DAT-2026-FKI-Flight2-Digital_38922,Easy Reinkommen - Bumper,2026-08-06,adgapid_023_845008_00038922_022_0_0,,480x360v,München,1486,0,0.0,16.35,1438,1403,1377,1364,0.9583,5.7704
DAT-2026-FKI-Flight2-Digital_38922,Easy Reinkommen - Bumper,2026-08-07,adgapid_023_845008_00038922_022_0_0,,480x360v,München,1381,3,0.0022,15.19,1336,1305,1273,1256,0.9569,5.7257
DAT-2026-FKI-Flight2-Digital_38922,Easy Reinkommen - Bumper,2026-08-08,adgapid_023_845008_00038922_022_0_0,,480x360v,München,1360,1,0.0007,14.96,1303,1260,1230,1206,0.9445,5.704
DAT-2026-FKI-Flight2-Digital_38922,Easy Reinkommen - Bumper,2026-08-09,adgapid_023_845008_00038922_022_0_0,,480x360v,München,1458,2,0.0014,16.04,1404,1365,1328,1307,0.9515,5.7322
DAT-2026-FKI-Flight2-Digital_38922,Easy Reinkommen - Bumper,2026-08-10,adgapid_023_845008_00038922_022_0_0,,480x360v,München,1413,0,0.0,15.54,1341,1306,1280,1249,0.943,5.7624
DAT-2026-FKI-Flight2-Digital_38922,Easy Reinkommen - Bumper,2026-08-11,adgapid_023_845008_00038922_022_0_0,,480x360v,München,1340,0,0.0,14.74,1277,1233,1208,1189,0.9486,5.7232
DAT-2026-FKI-Flight2-Digital_38922,Easy Reinkommen - Bumper,2026-08-12,adgapid_023_845008_00038922_022_0_0,,480x360v,München,1475,1,0.0007,16.23,1414,1364,1330,1302,0.9495,5.724
DAT-2026-FKI-Flight2-Digital_38922,Easy Reinkommen - Bumper,2026-08-13,adgapid_023_845008_00038922_022_0_0,,480x360v,München,2358,0,0.0,25.94,2289,2230,2195,2179,0.9562,5.7428
DAT-2026-FKI-Flight2-Digital_38922,Easy Reinkommen - Bumper,2026-08-14,adgapid_023_845008_00038922_022_0_0,,480x360v,München,1363,0,0.0,14.99,1310,1266,1240,1223,0.9492,5.7279
DAT-2026-FKI-Flight2-Digital_38922,Easy Reinkommen - Bumper,2026-08-15,adgapid_023_845008_00038922_022_0_0,,480x360v,München,1556,1,0.0006,17.12,1497,1458,1424,1408,0.9496,5.7544
DAT-2026-FKI-Flight2-Digital_38922,Easy Reinkommen - Bumper,2026-08-16,adgapid_023_845008_00038922_022_0_0,,480x360v,München,1692,0,0.0,18.61,1622,1572,1538,1517,0.9464,5.725
DAT-2026-FKI-Flight2-Digital_38922,Easy Reinkommen - Bumper,2026-08-17,adgapid_023_845008_00038922_022_0_0,,480x360v,München,1367,1,0.0007,15.04,1318,1281,1264,1243,0.953,5.7184
DAT-2026-FKI-Flight2-Digital_38922,Easy Reinkommen - Bumper,2026-08-18,adgapid_023_845008_00038922_022_0_0,,480x360v,München,1453,1,0.0007,15.98,1388,1318,1276,1243,0.9193,5.668
DAT-2026-FKI-Flight2-Digital_38922,Easy Reinkommen - Bumper,2026-08-19,adgapid_023_845008_00038922_022_0_0,,480x360v,München,1208,2,0.0017,13.29,1128,1056,1002,974,0.896,5.5977
DAT-2026-FKI-Flight2-Digital_38922,Easy Reinkommen - Bumper,2026-08-20,adgapid_023_845008_00038922_022_0_0,,480x360v,München,1139,1,0.0009,12.53,1087,1047,1028,1003,0.9406,5.7492
DAT-2026-FKI-Flight2-Digital_38922,Easy Reinkommen - Bumper,2026-08-21,adgapid_023_845008_00038922_022_0_0,,480x360v,München,1066,0,0.0,11.73,1019,986,969,954,0.9451,5.7702
DAT-2026-FKI-Flight2-Digital_38922,Easy Reinkommen - Bumper,2026-08-22,adgapid_023_845008_00038922_022_0_0,,480x360v,München,1107,0,0.0,12.18,1042,1013,991,974,0.9421,5.781
DAT-2026-FKI-Flight2-Digital_38922,Easy Reinkommen - Bumper,2026-08-23,adgapid_023_845008_00038922_022_0_0,,480x360v,München,1073,2,0.0019,11.80,1039,1014,989,979,0.9563,5.7381
DAT-2026-FKI-Flight2-Digital_38922,Easy Reinkommen - Bumper,2026-08-24,adgapid_023_845008_00038922_022_0_0,,480x360v,München,1108,1,0.0009,12.19,1099,1072,1059,1048,0.969,5.7773
DAT-2026-FKI-Flight2-Digital_38922,Easy Reinkommen - Bumper,2026-08-25,adgapid_023_845008_00038922_022_0_0,,480x360v,München,1138,1,0.0009,12.52,1109,1086,1073,1061,0.9661,5.7872
DAT-2026-FKI-Flight2-Digital_38922,Easy Reinkommen - Bumper,2026-08-26,adgapid_023_845008_00038922_022_0_0,,480x360v,München,1113,2,0.0018,12.24,1088,1057,1038,1025,0.9611,5.7489
DAT-2026-FKI-Flight2-Digital_38922,Easy Reinkommen - Bumper,2026-08-27,adgapid_023_845008_00038922_022_0_0,,480x360v,München,1144,1,0.0009,12.58,1093,1061,1039,1021,0.9458,5.7253
DAT-2026-FKI-Flight2-Digital_38922,Easy Reinkommen - Bumper,2026-08-28,adgapid_023_845008_00038922_022_0_0,,480x360v,München,1109,1,0.0009,12.20,1061,1024,995,985,0.9421,5.7096
DAT-2026-FKI-Flight2-Digital_38922,Easy Reinkommen - Bumper,2026-08-29,adgapid_023_845008_00038922_022_0_0,,480x360v,München,1043,0,0.0,11.47,987,943,926,915,0.9292,5.6834
DAT-2026-FKI-Flight2-Digital_38922,Easy Reinkommen - Bumper,2026-08-30,adgapid_023_845008_00038922_022_0_0,,480x360v,München,1137,1,0.0009,12.51,1069,1033,996,980,0.9288,5.7301
DAT-2026-FKI-Flight2-Digital_38922,Fresh,2026-08-01,adgapid_023_845008_00038922_021_0_0,,480x360v,München,1006,0,0.0,16.60,943,921,907,902,0.9241,13.9756
DAT-2026-FKI-Flight2-Digital_38922,Fresh,2026-08-02,adgapid_023_845008_00038922_021_0_0,,480x360v,München,1154,3,0.0026,19.04,1086,1061,1051,1043,0.928,14.1623
DAT-2026-FKI-Flight2-Digital_38922,Fresh,2026-08-03,adgapid_023_845008_00038922_021_0_0,,480x360v,München,1091,1,0.0009,18.00,1038,1012,1007,999,0.9407,14.0624
DAT-2026-FKI-Flight2-Digital_38922,Fresh,2026-08-04,adgapid_023_845008_00038922_021_0_0,,480x360v,München,1045,1,0.001,17.24,993,974,964,956,0.9351,14.0006
DAT-2026-FKI-Flight2-Digital_38922,Fresh,2026-08-05,adgapid_023_845008_00038922_021_0_0,,480x360v,München,1069,1,0.0009,17.64,1020,998,987,980,0.9393,14.1326
DAT-2026-FKI-Flight2-Digital_38922,Fresh,2026-08-06,adgapid_023_845008_00038922_021_0_0,,480x360v,München,1112,1,0.0009,18.35,1053,1030,1018,1012,0.9381,14.0739
DAT-2026-FKI-Flight2-Digital_38922,Fresh,2026-08-07,adgapid_023_845008_00038922_021_0_0,,480x360v,München,1115,1,0.0009,18.40,1056,1040,1028,1021,0.9355,14.0683
DAT-2026-FKI-Flight2-Digital_38922,Fresh,2026-08-08,adgapid_023_845008_00038922_021_0_0,,480x360v,München,1058,1,0.0009,17.46,985,959,946,932,0.9188,13.9163
DAT-2026-FKI-Flight2-Digital_38922,Fresh,2026-08-09,adgapid_023_845008_00038922_021_0_0,,480x360v,München,1032,1,0.001,17.03,958,933,921,916,0.9156,13.9589
DAT-2026-FKI-Flight2-Digital_38922,Fresh,2026-08-10,adgapid_023_845008_00038922_021_0_0,,480x360v,München,1028,2,0.0019,16.96,963,939,932,920,0.9284,14.143
DAT-2026-FKI-Flight2-Digital_38922,Fresh,2026-08-11,adgapid_023_845008_00038922_021_0_0,,480x360v,München,1083,0,0.0,17.87,1028,1003,992,988,0.9399,14.0006
DAT-2026-FKI-Flight2-Digital_38922,Fresh,2026-08-12,adgapid_023_845008_00038922_021_0_0,,480x360v,München,1061,0,0.0,17.51,994,971,960,952,0.9256,14.0757
DAT-2026-FKI-Flight2-Digital_38922,Fresh,2026-08-13,adgapid_023_845008_00038922_021_0_0,,480x360v,München,1024,0,0.0,16.90,957,931,922,917,0.9176,13.8744
DAT-2026-FKI-Flight2-Digital_38922,Fresh,2026-08-14,adgapid_023_845008_00038922_021_0_0,,480x360v,München,1055,2,0.0019,17.41,983,964,956,949,0.9269,14.074
DAT-2026-FKI-Flight2-Digital_38922,Fresh,2026-08-15,adgapid_023_845008_00038922_021_0_0,,480x360v,München,1096,0,0.0,18.08,1031,1008,996,992,0.9268,13.9927
DAT-2026-FKI-Flight2-Digital_38922,Fresh,2026-08-16,adgapid_023_845008_00038922_021_0_0,,480x360v,München,1058,1,0.0009,17.46,990,965,951,941,0.9236,14.0834
DAT-2026-FKI-Flight2-Digital_38922,Fresh,2026-08-17,adgapid_023_845008_00038922_021_0_0,,480x360v,München,1007,0,0.0,16.62,953,925,910,903,0.9292,14.0009
DAT-2026-FKI-Flight2-Digital_38922,Fresh,2026-08-18,adgapid_023_845008_00038922_021_0_0,,480x360v,München,1081,2,0.0019,17.84,1016,997,982,967,0.9302,14.0079
DAT-2026-FKI-Flight2-Digital_38922,Fresh,2026-08-19,adgapid_023_845008_00038922_021_0_0,,480x360v,München,1018,0,0.0,16.80,967,941,931,925,0.9374,13.9841
DAT-2026-FKI-Flight2-Digital_38922,Fresh,2026-08-20,adgapid_023_845008_00038922_021_0_0,,480x360v,München,962,1,0.001,15.87,891,868,857,851,0.9138,13.8411
DAT-2026-FKI-Flight2-Digital_38922,Fresh,2026-08-21,adgapid_023_845008_00038922_021_0_0,,480x360v,München,1085,0,0.0,17.90,1016,988,973,963,0.9241,14.0797
DAT-2026-FKI-Flight2-Digital_38922,Fresh,2026-08-22,adgapid_023_845008_00038922_021_0_0,,480x360v,München,1012,3,0.003,16.70,954,928,916,911,0.9224,14.0082
DAT-2026-FKI-Flight2-Digital_38922,Fresh,2026-08-23,adgapid_023_845008_00038922_021_0_0,,480x360v,München,1053,0,0.0,17.37,976,949,937,928,0.9169,13.9984
DAT-2026-FKI-Flight2-Digital_38922,Fresh,2026-08-24,adgapid_023_845008_00038922_021_0_0,,480x360v,München,979,2,0.002,16.15,933,908,897,891,0.9346,14.078
DAT-2026-FKI-Flight2-Digital_38922,Fresh,2026-08-25,adgapid_023_845008_00038922_021_0_0,,480x360v,München,1011,3,0.003,16.68,951,929,919,916,0.9288,14.048
DAT-2026-FKI-Flight2-Digital_38922,Fresh,2026-08-26,adgapid_023_845008_00038922_021_0_0,,480x360v,München,990,0,0.0,16.34,938,916,905,892,0.9335,14.0875
DAT-2026-FKI-Flight2-Digital_38922,Fresh,2026-08-27,adgapid_023_845008_00038922_021_0_0,,480x360v,München,1019,1,0.001,16.81,961,943,935,929,0.9355,14.3249
DAT-2026-FKI-Flight2-Digital_38922,Fresh,2026-08-28,adgapid_023_845008_00038922_021_0_0,,480x360v,München,946,1,0.0011,15.61,880,848,840,831,0.9085,13.8985
DAT-2026-FKI-Flight2-Digital_38922,Fresh,2026-08-29,adgapid_023_845008_00038922_021_0_0,,480x360v,München,959,0,0.0,15.82,887,866,854,841,0.9134,14.048
DAT-2026-FKI-Flight2-Digital_38922,Fresh,2026-08-30,adgapid_023_845008_00038922_021_0_0,,480x360v,München,932,1,0.0011,15.38,836,808,794,787,0.8853,13.8681
DAT-2026-FKI-Flight2-Digital_38922,Fresh- Bumper,2026-08-01,adgapid_023_845008_00038922_022_0_0,,480x360v,München,1313,0,0.0,14.44,1257,1209,1179,1160,0.9375,5.6789
DAT-2026-FKI-Flight2-Digital_38922,Fresh- Bumper,2026-08-02,adgapid_023_845008_00038922_022_0_0,,480x360v,München,1600,0,0.0,17.60,1541,1494,1455,1429,0.9443,5.7289
DAT-2026-FKI-Flight2-Digital_38922,Fresh- Bumper,2026-08-03,adgapid_023_845008_00038922_022_0_0,,480x360v,München,1542,1,0.0006,16.96,1495,1460,1430,1418,0.9514,5.7573
DAT-2026-FKI-Flight2-Digital_38922,Fresh- Bumper,2026-08-04,adgapid_023_845008_00038922_022_0_0,,480x360v,München,1339,0,0.0,14.73,1303,1261,1240,1223,0.9463,5.7675
DAT-2026-FKI-Flight2-Digital_38922,Fresh- Bumper,2026-08-05,adgapid_023_845008_00038922_022_0_0,,480x360v,München,1593,0,0.0,17.52,1547,1504,1479,1455,0.9543,5.7595
DAT-2026-FKI-Flight2-Digital_38922,Fresh- Bumper,2026-08-06,adgapid_023_845008_00038922_022_0_0,,480x360v,München,1456,3,0.0021,16.02,1403,1373,1339,1321,0.9552,5.7731
DAT-2026-FKI-Flight2-Digital_38922,Fresh- Bumper,2026-08-07,adgapid_023_845008_00038922_022_0_0,,480x360v,München,1418,0,0.0,15.60,1365,1331,1301,1279,0.9535,5.7459
DAT-2026-FKI-Flight2-Digital_38922,Fresh- Bumper,2026-08-08,adgapid_023_845008_00038922_022_0_0,,480x360v,München,1364,0,0.0,15.00,1293,1255,1226,1204,0.9402,5.7475
DAT-2026-FKI-Flight2-Digital_38922,Fresh- Bumper,2026-08-09,adgapid_023_845008_00038922_022_0_0,,480x360v,München,1547,1,0.0006,17.02,1477,1434,1396,1376,0.9439,5.7343
DAT-2026-FKI-Flight2-Digital_38922,Fresh- Bumper,2026-08-10,adgapid_023_845008_00038922_022_0_0,,480x360v,München,1426,1,0.0007,15.69,1371,1325,1295,1273,0.9455,5.7348
DAT-2026-FKI-Flight2-Digital_38922,Fresh- Bumper,2026-08-11,adgapid_023_845008_00038922_022_0_0,,480x360v,München,1327,1,0.0008,14.60,1276,1241,1219,1197,0.9535,5.7719
DAT-2026-FKI-Flight2-Digital_38922,Fresh- Bumper,2026-08-12,adgapid_023_845008_00038922_022_0_0,,480x360v,München,1422,0,0.0,15.64,1366,1331,1295,1267,0.9492,5.7615
DAT-2026-FKI-Flight2-Digital_38922,Fresh- Bumper,2026-08-13,adgapid_023_845008_00038922_022_0_0,,480x360v,München,2433,1,0.0004,26.76,2356,2296,2266,2235,0.9568,5.7503
DAT-2026-FKI-Flight2-Digital_38922,Fresh- Bumper,2026-08-14,adgapid_023_845008_00038922_022_0_0,,480x360v,München,1392,1,0.0007,15.31,1338,1300,1269,1242,0.9483,5.7283
DAT-2026-FKI-Flight2-Digital_38922,Fresh- Bumper,2026-08-15,adgapid_023_845008_00038922_022_0_0,,480x360v,München,1526,0,0.0,16.79,1464,1426,1401,1387,0.9497,5.7601
DAT-2026-FKI-Flight2-Digital_38922,Fresh- Bumper,2026-08-16,adgapid_023_845008_00038922_022_0_0,,480x360v,München,1664,1,0.0006,18.30,1601,1554,1518,1491,0.948,5.7151
DAT-2026-FKI-Flight2-Digital_38922,Fresh- Bumper,2026-08-17,adgapid_023_845008_00038922_022_0_0,,480x360v,München,1319,3,0.0023,14.51,1266,1246,1232,1214,0.9598,5.7719
DAT-2026-FKI-Flight2-Digital_38922,Fresh- Bumper,2026-08-18,adgapid_023_845008_00038922_022_0_0,,480x360v,München,1450,1,0.0007,15.95,1374,1310,1260,1223,0.9137,5.6346
DAT-2026-FKI-Flight2-Digital_38922,Fresh- Bumper,2026-08-19,adgapid_023_845008_00038922_022_0_0,,480x360v,München,1156,1,0.0009,12.72,1098,1052,1015,995,0.9296,5.7186
DAT-2026-FKI-Flight2-Digital_38922,Fresh- Bumper,2026-08-20,adgapid_023_845008_00038922_022_0_0,,480x360v,München,1102,1,0.0009,12.12,1053,1019,993,968,0.942,5.7244
DAT-2026-FKI-Flight2-Digital_38922,Fresh- Bumper,2026-08-21,adgapid_023_845008_00038922_022_0_0,,480x360v,München,1158,3,0.0026,12.74,1117,1093,1062,1044,0.9512,5.7405
DAT-2026-FKI-Flight2-Digital_38922,Fresh- Bumper,2026-08-22,adgapid_023_845008_00038922_022_0_0,,480x360v,München,1082,1,0.0009,11.90,1027,1000,978,963,0.9434,5.7795
DAT-2026-FKI-Flight2-Digital_38922,Fresh- Bumper,2026-08-23,adgapid_023_845008_00038922_022_0_0,,480x360v,München,1106,0,0.0,12.17,1056,1021,1005,992,0.9479,5.7525
DAT-2026-FKI-Flight2-Digital_38922,Fresh- Bumper,2026-08-24,adgapid_023_845008_00038922_022_0_0,,480x360v,München,1093,0,0.0,12.02,1069,1047,1033,1019,0.9595,5.7589
DAT-2026-FKI-Flight2-Digital_38922,Fresh- Bumper,2026-08-25,adgapid_023_845008_00038922_022_0_0,,480x360v,München,1128,1,0.0009,12.41,1101,1078,1059,1052,0.9652,5.7413
DAT-2026-FKI-Flight2-Digital_38922,Fresh- Bumper,2026-08-26,adgapid_023_845008_00038922_022_0_0,,480x360v,München,1123,2,0.0018,12.35,1102,1079,1060,1047,0.9638,5.7816
DAT-2026-FKI-Flight2-Digital_38922,Fresh- Bumper,2026-08-27,adgapid_023_845008_00038922_022_0_0,,480x360v,München,1082,0,0.0,11.90,1048,1026,1013,1001,0.9656,5.7558
DAT-2026-FKI-Flight2-Digital_38922,Fresh- Bumper,2026-08-28,adgapid_023_845008_00038922_022_0_0,,480x360v,München,1123,0,0.0,12.35,1081,1050,1031,1014,0.9499,5.7353
DAT-2026-FKI-Flight2-Digital_38922,Fresh- Bumper,2026-08-29,adgapid_023_845008_00038922_022_0_0,,480x360v,München,1101,2,0.0018,12.11,1039,1003,976,964,0.9337,5.7122
DAT-2026-FKI-Flight2-Digital_38922,Fresh- Bumper,2026-08-30,adgapid_023_845008_00038922_022_0_0,,480x360v,München,1034,0,0.0,11.37,979,944,908,892,0.9361,5.7081
DAT-2026-FKI-Flight2-Digital_38922,Glitch,2026-08-01,adgapid_023_845008_00038922_021_0_0,,480x360v,München,1032,0,0.0,17.03,984,965,954,945,0.9403,14.1749
DAT-2026-FKI-Flight2-Digital_38922,Glitch,2026-08-02,adgapid_023_845008_00038922_021_0_0,,480x360v,München,1127,1,0.0009,18.60,1070,1046,1033,1025,0.9344,14.0558
DAT-2026-FKI-Flight2-Digital_38922,Glitch,2026-08-03,adgapid_023_845008_00038922_021_0_0,,480x360v,München,1061,2,0.0019,17.51,1001,977,966,958,0.93,13.9028
DAT-2026-FKI-Flight2-Digital_38922,Glitch,2026-08-04,adgapid_023_845008_00038922_021_0_0,,480x360v,München,1053,0,0.0,17.37,1013,997,988,980,0.9492,14.312
DAT-2026-FKI-Flight2-Digital_38922,Glitch,2026-08-05,adgapid_023_845008_00038922_021_0_0,,480x360v,München,1032,0,0.0,17.03,977,964,946,939,0.9397,14.1141
DAT-2026-FKI-Flight2-Digital_38922,Glitch,2026-08-06,adgapid_023_845008_00038922_021_0_0,,480x360v,München,1092,2,0.0018,18.02,1049,1026,1017,1009,0.9424,14.0683
DAT-2026-FKI-Flight2-Digital_38922,Glitch,2026-08-07,adgapid_023_845008_00038922_021_0_0,,480x360v,München,1101,0,0.0,18.17,1024,1001,986,984,0.9168,14.0459
DAT-2026-FKI-Flight2-Digital_38922,Glitch,2026-08-08,adgapid_023_845008_00038922_021_0_0,,480x360v,München,1081,0,0.0,17.84,1010,979,971,963,0.9231,14.0563
DAT-2026-FKI-Flight2-Digital_38922,Glitch,2026-08-09,adgapid_023_845008_00038922_021_0_0,,480x360v,München,1016,2,0.002,16.76,950,926,904,896,0.9193,14.1063
DAT-2026-FKI-Flight2-Digital_38922,Glitch,2026-08-10,adgapid_023_845008_00038922_021_0_0,,480x360v,München,1070,1,0.0009,17.66,1007,977,963,955,0.9244,13.9307
DAT-2026-FKI-Flight2-Digital_38922,Glitch,2026-08-11,adgapid_023_845008_00038922_021_0_0,,480x360v,München,998,1,0.001,16.47,931,904,898,896,0.9218,13.9809
DAT-2026-FKI-Flight2-Digital_38922,Glitch,2026-08-12,adgapid_023_845008_00038922_021_0_0,,480x360v,München,1046,2,0.0019,17.26,981,960,946,942,0.9276,13.9442
DAT-2026-FKI-Flight2-Digital_38922,Glitch,2026-08-13,adgapid_023_845008_00038922_021_0_0,,480x360v,München,1056,1,0.0009,17.42,990,961,943,939,0.9213,14.0624
DAT-2026-FKI-Flight2-Digital_38922,Glitch,2026-08-14,adgapid_023_845008_00038922_021_0_0,,480x360v,München,1015,2,0.002,16.75,956,926,913,905,0.9241,14.034
DAT-2026-FKI-Flight2-Digital_38922,Glitch,2026-08-15,adgapid_023_845008_00038922_021_0_0,,480x360v,München,1085,2,0.0018,17.90,1016,986,963,953,0.9187,13.9658
DAT-2026-FKI-Flight2-Digital_38922,Glitch,2026-08-16,adgapid_023_845008_00038922_021_0_0,,480x360v,München,975,2,0.0021,16.09,904,875,866,859,0.9109,13.988
DAT-2026-FKI-Flight2-Digital_38922,Glitch,2026-08-17,adgapid_023_845008_00038922_021_0_0,,480x360v,München,1026,2,0.0019,16.93,980,947,938,931,0.9334,14.0441
DAT-2026-FKI-Flight2-Digital_38922,Glitch,2026-08-18,adgapid_023_845008_00038922_021_0_0,,480x360v,München,1055,2,0.0019,17.41,980,952,944,938,0.9184,13.8427
DAT-2026-FKI-Flight2-Digital_38922,Glitch,2026-08-19,adgapid_023_845008_00038922_021_0_0,,480x360v,München,1016,0,0.0,16.76,955,923,917,910,0.9231,13.9124
DAT-2026-FKI-Flight2-Digital_38922,Glitch,2026-08-20,adgapid_023_845008_00038922_021_0_0,,480x360v,München,989,3,0.003,16.32,936,898,887,882,0.9227,13.8912
DAT-2026-FKI-Flight2-Digital_38922,Glitch,2026-08-21,adgapid_023_845008_00038922_021_0_0,,480x360v,München,1005,0,0.0,16.58,937,912,901,891,0.9167,14.0096
DAT-2026-FKI-Flight2-Digital_38922,Glitch,2026-08-22,adgapid_023_845008_00038922_021_0_0,,480x360v,München,971,0,0.0,16.02,888,864,853,846,0.9103,14.067
DAT-2026-FKI-Flight2-Digital_38922,Glitch,2026-08-23,adgapid_023_845008_00038922_021_0_0,,480x360v,München,1010,2,0.002,16.66,936,915,903,894,0.9173,13.8888
DAT-2026-FKI-Flight2-Digital_38922,Glitch,2026-08-24,adgapid_023_845008_00038922_021_0_0,,480x360v,München,984,0,0.0,16.24,941,923,914,911,0.9391,14.1104
DAT-2026-FKI-Flight2-Digital_38922,Glitch,2026-08-25,adgapid_023_845008_00038922_021_0_0,,480x360v,München,1026,1,0.001,16.93,979,948,938,928,0.9338,14.0156
DAT-2026-FKI-Flight2-Digital_38922,Glitch,2026-08-26,adgapid_023_845008_00038922_021_0_0,,480x360v,München,1001,0,0.0,16.52,966,948,937,932,0.946,14.1979
DAT-2026-FKI-Flight2-Digital_38922,Glitch,2026-08-27,adgapid_023_845008_00038922_021_0_0,,480x360v,München,1000,0,0.0,16.50,958,935,925,919,0.9387,14.1235
DAT-2026-FKI-Flight2-Digital_38922,Glitch,2026-08-28,adgapid_023_845008_00038922_021_0_0,,480x360v,München,887,1,0.0011,14.64,796,773,760,752,0.8857,13.6604
DAT-2026-FKI-Flight2-Digital_38922,Glitch,2026-08-29,adgapid_023_845008_00038922_021_0_0,,480x360v,München,926,0,0.0,15.28,857,824,811,797,0.9029,13.8308
DAT-2026-FKI-Flight2-Digital_38922,Glitch,2026-08-30,adgapid_023_845008_00038922_021_0_0,,480x360v,München,893,2,0.0022,14.73,823,800,792,785,0.9101,13.953
DAT-2026-FKI-Flight2-Digital_38922,Glitch - Bumper,2026-08-01,adgapid_023_845008_00038922_022_0_0,,480x360v,München,1316,1,0.0008,14.48,1264,1231,1208,1181,0.9513,5.7532
DAT-2026-FKI-Flight2-Digital_38922,Glitch - Bumper,2026-08-02,adgapid_023_845008_00038922_022_0_0,,480x360v,München,1493,1,0.0007,16.42,1421,1373,1349,1333,0.9402,5.759
DAT-2026-FKI-Flight2-Digital_38922,Glitch - Bumper,2026-08-03,adgapid_023_845008_00038922_022_0_0,,480x360v,München,1455,3,0.0021,16.00,1411,1376,1342,1317,0.9493,5.7435
DAT-2026-FKI-Flight2-Digital_38922,Glitch - Bumper,2026-08-04,adgapid_023_845008_00038922_022_0_0,,480x360v,München,1413,1,0.0007,15.54,1361,1325,1304,1285,0.9558,5.7873
DAT-2026-FKI-Flight2-Digital_38922,Glitch - Bumper,2026-08-05,adgapid_023_845008_00038922_022_0_0,,480x360v,München,1545,1,0.0006,17.00,1487,1450,1434,1413,0.9574,5.7606
DAT-2026-FKI-Flight2-Digital_38922,Glitch - Bumper,2026-08-06,adgapid_023_845008_00038922_022_0_0,,480x360v,München,1388,0,0.0,15.27,1335,1310,1286,1271,0.9595,5.7865
DAT-2026-FKI-Flight2-Digital_38922,Glitch - Bumper,2026-08-07,adgapid_023_845008_00038922_022_0_0,,480x360v,München,1381,3,0.0022,15.19,1339,1311,1286,1265,0.9575,5.761
DAT-2026-FKI-Flight2-Digital_38922,Glitch - Bumper,2026-08-08,adgapid_023_845008_00038922_022_0_0,,480x360v,München,1287,0,0.0,14.16,1221,1181,1143,1130,0.9424,5.7191
DAT-2026-FKI-Flight2-Digital_38922,Glitch - Bumper,2026-08-09,adgapid_023_845008_00038922_022_0_0,,480x360v,München,1456,0,0.0,16.02,1394,1367,1339,1319,0.9525,5.7523
DAT-2026-FKI-Flight2-Digital_38922,Glitch - Bumper,2026-08-10,adgapid_023_845008_00038922_022_0_0,,480x360v,München,1351,0,0.0,14.86,1282,1251,1220,1199,0.9431,5.7429
DAT-2026-FKI-Flight2-Digital_38922,Glitch - Bumper,2026-08-11,adgapid_023_845008_00038922_022_0_0,,480x360v,München,1388,3,0.0022,15.27,1338,1305,1282,1265,0.9579,5.7615
DAT-2026-FKI-Flight2-Digital_38922,Glitch - Bumper,2026-08-12,adgapid_023_845008_00038922_022_0_0,,480x360v,München,1474,0,0.0,16.21,1402,1364,1340,1316,0.9509,5.7482
DAT-2026-FKI-Flight2-Digital_38922,Glitch - Bumper,2026-08-13,adgapid_023_845008_00038922_022_0_0,,480x360v,München,2411,2,0.0008,26.52,2327,2277,2238,2210,0.9538,5.7487
DAT-2026-FKI-Flight2-Digital_38922,Glitch - Bumper,2026-08-14,adgapid_023_845008_00038922_022_0_0,,480x360v,München,1369,0,0.0,15.06,1303,1260,1234,1214,0.9491,5.7055
DAT-2026-FKI-Flight2-Digital_38922,Glitch - Bumper,2026-08-15,adgapid_023_845008_00038922_022_0_0,,480x360v,München,1548,0,0.0,17.03,1491,1458,1427,1406,0.9511,5.7563
DAT-2026-FKI-Flight2-Digital_38922,Glitch - Bumper,2026-08-16,adgapid_023_845008_00038922_022_0_0,,480x360v,München,1622,1,0.0006,17.84,1558,1526,1497,1468,0.9519,5.7384
DAT-2026-FKI-Flight2-Digital_38922,Glitch - Bumper,2026-08-17,adgapid_023_845008_00038922_022_0_0,,480x360v,München,1256,1,0.0008,13.82,1217,1187,1162,1147,0.9542,5.7125
DAT-2026-FKI-Flight2-Digital_38922,Glitch - Bumper,2026-08-18,adgapid_023_845008_00038922_022_0_0,,480x360v,München,1473,2,0.0014,16.20,1393,1334,1286,1239,0.9145,5.647
DAT-2026-FKI-Flight2-Digital_38922,Glitch - Bumper,2026-08-19,adgapid_023_845008_00038922_022_0_0,,480x360v,München,1276,2,0.0016,14.04,1212,1149,1107,1081,0.9222,5.646
DAT-2026-FKI-Flight2-Digital_38922,Glitch - Bumper,2026-08-20,adgapid_023_845008_00038922_022_0_0,,480x360v,München,1105,0,0.0,12.15,1061,1022,1005,992,0.9485,5.7405
DAT-2026-FKI-Flight2-Digital_38922,Glitch - Bumper,2026-08-21,adgapid_023_845008_00038922_022_0_0,,480x360v,München,1075,1,0.0009,11.82,1028,1011,989,969,0.9573,5.7459
DAT-2026-FKI-Flight2-Digital_38922,Glitch - Bumper,2026-08-22,adgapid_023_845008_00038922_022_0_0,,480x360v,München,1128,0,0.0,12.41,1062,1028,1001,986,0.941,5.7489
DAT-2026-FKI-Flight2-Digital_38922,Glitch - Bumper,2026-08-23,adgapid_023_845008_00038922_022_0_0,,480x360v,München,1060,0,0.0,11.66,1011,982,957,943,0.9467,5.7497
DAT-2026-FKI-Flight2-Digital_38922,Glitch - Bumper,2026-08-24,adgapid_023_845008_00038922_022_0_0,,480x360v,München,1058,1,0.0009,11.64,1046,1020,1012,1002,0.9636,5.7444
DAT-2026-FKI-Flight2-Digital_38922,Glitch - Bumper,2026-08-25,adgapid_023_845008_00038922_022_0_0,,480x360v,München,1075,0,0.0,11.82,1061,1041,1022,1011,0.9659,5.7516
DAT-2026-FKI-Flight2-Digital_38922,Glitch - Bumper,2026-08-26,adgapid_023_845008_00038922_022_0_0,,480x360v,München,1074,1,0.0009,11.81,1052,1024,1012,1003,0.966,5.7766
DAT-2026-FKI-Flight2-Digital_38922,Glitch - Bumper,2026-08-27,adgapid_023_845008_00038922_022_0_0,,480x360v,München,1201,0,0.0,13.21,1163,1143,1120,1111,0.9629,5.7333
DAT-2026-FKI-Flight2-Digital_38922,Glitch - Bumper,2026-08-28,adgapid_023_845008_00038922_022_0_0,,480x360v,München,1080,1,0.0009,11.88,1039,1013,998,985,0.9535,5.757
DAT-2026-FKI-Flight2-Digital_38922,Glitch - Bumper,2026-08-29,adgapid_023_845008_00038922_022_0_0,,480x360v,München,1132,0,0.0,12.45,1078,1043,1018,1001,0.9374,5.7176
DAT-2026-FKI-Flight2-Digital_38922,Glitch - Bumper,2026-08-30,adgapid_023_845008_00038922_022_0_0,,480x360v,München,1042,1,0.001,11.46,999,971,934,914,0.9424,5.7113
DAT-2026-FKI-Flight2-Digital_38922,Guter Griff,2026-08-01,adgapid_023_845008_00038922_021_0_0,,480x360v,München,1081,0,0.0,17.84,1021,997,986,982,0.937,14.0614
DAT-2026-FKI-Flight2-Digital_38922,Guter Griff,2026-08-02,adgapid_023_845008_00038922_021_0_0,,480x360v,München,1154,0,0.0,19.04,1092,1064,1047,1045,0.9321,14.0232
DAT-2026-FKI-Flight2-Digital_38922,Guter Griff,2026-08-03,adgapid_023_845008_00038922_021_0_0,,480x360v,München,1141,1,0.0009,18.83,1080,1052,1035,1031,0.9304,13.9453
DAT-2026-FKI-Flight2-Digital_38922,Guter Griff,2026-08-04,adgapid_023_845008_00038922_021_0_0,,480x360v,München,1073,1,0.0009,17.70,1023,985,973,967,0.9307,13.9775
DAT-2026-FKI-Flight2-Digital_38922,Guter Griff,2026-08-05,adgapid_023_845008_00038922_021_0_0,,480x360v,München,1045,0,0.0,17.24,999,979,970,963,0.9439,14.1855
DAT-2026-FKI-Flight2-Digital_38922,Guter Griff,2026-08-06,adgapid_023_845008_00038922_021_0_0,,480x360v,München,1122,2,0.0018,18.51,1069,1049,1039,1030,0.9403,14.1213
DAT-2026-FKI-Flight2-Digital_38922,Guter Griff,2026-08-07,adgapid_023_845008_00038922_021_0_0,,480x360v,München,1135,0,0.0,18.73,1062,1042,1026,1016,0.9277,14.0809
DAT-2026-FKI-Flight2-Digital_38922,Guter Griff,2026-08-08,adgapid_023_845008_00038922_021_0_0,,480x360v,München,1061,2,0.0019,17.51,990,971,959,953,0.9246,14.0619
DAT-2026-FKI-Flight2-Digital_38922,Guter Griff,2026-08-09,adgapid_023_845008_00038922_021_0_0,,480x360v,München,1089,0,0.0,17.97,1020,995,980,975,0.923,14.2091
DAT-2026-FKI-Flight2-Digital_38922,Guter Griff,2026-08-10,adgapid_023_845008_00038922_021_0_0,,480x360v,München,1092,1,0.0009,18.02,1026,997,987,978,0.9253,14.0562
DAT-2026-FKI-Flight2-Digital_38922,Guter Griff,2026-08-11,adgapid_023_845008_00038922_021_0_0,,480x360v,München,1079,2,0.0019,17.80,1022,1007,991,984,0.935,14.1146
DAT-2026-FKI-Flight2-Digital_38922,Guter Griff,2026-08-12,adgapid_023_845008_00038922_021_0_0,,480x360v,München,1011,2,0.002,16.68,947,923,911,904,0.9237,13.9204
DAT-2026-FKI-Flight2-Digital_38922,Guter Griff,2026-08-13,adgapid_023_845008_00038922_021_0_0,,480x360v,München,1080,2,0.0019,17.82,1015,985,966,959,0.9196,14.008
DAT-2026-FKI-Flight2-Digital_38922,Guter Griff,2026-08-14,adgapid_023_845008_00038922_021_0_0,,480x360v,München,1060,1,0.0009,17.49,1000,971,958,950,0.9263,13.9798
DAT-2026-FKI-Flight2-Digital_38922,Guter Griff,2026-08-15,adgapid_023_845008_00038922_021_0_0,,480x360v,München,1086,1,0.0009,17.92,1020,990,975,962,0.9192,14.0469
DAT-2026-FKI-Flight2-Digital_38922,Guter Griff,2026-08-16,adgapid_023_845008_00038922_021_0_0,,480x360v,München,1054,3,0.0028,17.39,997,962,945,938,0.925,13.8838
DAT-2026-FKI-Flight2-Digital_38922,Guter Griff,2026-08-17,adgapid_023_845008_00038922_021_0_0,,480x360v,München,965,1,0.001,15.92,902,882,871,860,0.9209,13.9494
DAT-2026-FKI-Flight2-Digital_38922,Guter Griff,2026-08-18,adgapid_023_845008_00038922_021_0_0,,480x360v,München,1011,0,0.0,16.68,938,905,888,884,0.9104,13.8003
DAT-2026-FKI-Flight2-Digital_38922,Guter Griff,2026-08-19,adgapid_023_845008_00038922_021_0_0,,480x360v,München,1072,1,0.0009,17.69,1011,991,971,967,0.9296,14.0107
DAT-2026-FKI-Flight2-Digital_38922,Guter Griff,2026-08-20,adgapid_023_845008_00038922_021_0_0,,480x360v,München,955,0,0.0,15.76,904,883,873,870,0.9327,14.0604
DAT-2026-FKI-Flight2-Digital_38922,Guter Griff,2026-08-21,adgapid_023_845008_00038922_021_0_0,,480x360v,München,1070,3,0.0028,17.66,1002,973,962,956,0.9229,13.9234
DAT-2026-FKI-Flight2-Digital_38922,Guter Griff,2026-08-22,adgapid_023_845008_00038922_021_0_0,,480x360v,München,999,2,0.002,16.48,940,912,894,888,0.9209,13.9265
DAT-2026-FKI-Flight2-Digital_38922,Guter Griff,2026-08-23,adgapid_023_845008_00038922_021_0_0,,480x360v,München,972,0,0.0,16.04,907,879,873,864,0.9233,13.9489
DAT-2026-FKI-Flight2-Digital_38922,Guter Griff,2026-08-24,adgapid_023_845008_00038922_021_0_0,,480x360v,München,1025,1,0.001,16.91,973,958,951,946,0.9385,14.1853
DAT-2026-FKI-Flight2-Digital_38922,Guter Griff,2026-08-25,adgapid_023_845008_00038922_021_0_0,,480x360v,München,989,0,0.0,16.32,926,905,892,887,0.9287,14.0307
DAT-2026-FKI-Flight2-Digital_38922,Guter Griff,2026-08-26,adgapid_023_845008_00038922_021_0_0,,480x360v,München,1003,1,0.001,16.55,975,953,948,937,0.9528,14.166
DAT-2026-FKI-Flight2-Digital_38922,Guter Griff,2026-08-27,adgapid_023_845008_00038922_021_0_0,,480x360v,München,996,0,0.0,16.43,936,911,904,898,0.9234,14.0618
DAT-2026-FKI-Flight2-Digital_38922,Guter Griff,2026-08-28,adgapid_023_845008_00038922_021_0_0,,480x360v,München,957,0,0.0,15.79,875,862,850,839,0.9112,13.8621
DAT-2026-FKI-Flight2-Digital_38922,Guter Griff,2026-08-29,adgapid_023_845008_00038922_021_0_0,,480x360v,München,951,0,0.0,15.69,875,841,823,812,0.8976,13.697
DAT-2026-FKI-Flight2-Digital_38922,Guter Griff,2026-08-30,adgapid_023_845008_00038922_021_0_0,,480x360v,München,918,0,0.0,15.15,846,821,810,806,0.911,13.9767
DAT-2026-FKI-Flight2-Digital_38922,Guter Griff - Bumper,2026-08-01,adgapid_023_845008_00038922_022_0_0,,480x360v,München,1425,1,0.0007,15.68,1357,1315,1291,1271,0.9415,5.7556
DAT-2026-FKI-Flight2-Digital_38922,Guter Griff - Bumper,2026-08-02,adgapid_023_845008_00038922_022_0_0,,480x360v,München,1494,0,0.0,16.43,1436,1403,1382,1354,0.9496,5.7444
DAT-2026-FKI-Flight2-Digital_38922,Guter Griff - Bumper,2026-08-03,adgapid_023_845008_00038922_022_0_0,,480x360v,München,1589,0,0.0,17.48,1536,1506,1483,1458,0.9574,5.8063
DAT-2026-FKI-Flight2-Digital_38922,Guter Griff - Bumper,2026-08-04,adgapid_023_845008_00038922_022_0_0,,480x360v,München,1443,1,0.0007,15.87,1408,1377,1352,1337,0.9524,5.7986
DAT-2026-FKI-Flight2-Digital_38922,Guter Griff - Bumper,2026-08-05,adgapid_023_845008_00038922_022_0_0,,480x360v,München,1519,1,0.0007,16.71,1473,1439,1407,1394,0.9555,5.7512
DAT-2026-FKI-Flight2-Digital_38922,Guter Griff - Bumper,2026-08-06,adgapid_023_845008_00038922_022_0_0,,480x360v,München,1378,1,0.0007,15.16,1328,1305,1288,1272,0.9608,5.8032
DAT-2026-FKI-Flight2-Digital_38922,Guter Griff - Bumper,2026-08-07,adgapid_023_845008_00038922_022_0_0,,480x360v,München,1315,1,0.0008,14.46,1274,1248,1236,1220,0.9586,5.7903
DAT-2026-FKI-Flight2-Digital_38922,Guter Griff - Bumper,2026-08-08,adgapid_023_845008_00038922_022_0_0,,480x360v,München,1353,1,0.0007,14.88,1304,1276,1248,1228,0.9587,5.7609
DAT-2026-FKI-Flight2-Digital_38922,Guter Griff - Bumper,2026-08-09,adgapid_023_845008_00038922_022_0_0,,480x360v,München,1396,4,0.0029,15.36,1343,1311,1287,1265,0.9547,5.775
DAT-2026-FKI-Flight2-Digital_38922,Guter Griff - Bumper,2026-08-10,adgapid_023_845008_00038922_022_0_0,,480x360v,München,1435,1,0.0007,15.79,1355,1311,1284,1260,0.9388,5.7325
DAT-2026-FKI-Flight2-Digital_38922,Guter Griff - Bumper,2026-08-11,adgapid_023_845008_00038922_022_0_0,,480x360v,München,1442,1,0.0007,15.86,1391,1348,1324,1306,0.9553,5.7554
DAT-2026-FKI-Flight2-Digital_38922,Guter Griff - Bumper,2026-08-12,adgapid_023_845008_00038922_022_0_0,,480x360v,München,1449,1,0.0007,15.94,1375,1344,1329,1309,0.9512,5.8063
DAT-2026-FKI-Flight2-Digital_38922,Guter Griff - Bumper,2026-08-13,adgapid_023_845008_00038922_022_0_0,,480x360v,München,2422,2,0.0008,26.64,2343,2292,2247,2229,0.9559,5.7654
DAT-2026-FKI-Flight2-Digital_38922,Guter Griff - Bumper,2026-08-14,adgapid_023_845008_00038922_022_0_0,,480x360v,München,1374,0,0.0,15.11,1327,1292,1264,1239,0.9551,5.7664
DAT-2026-FKI-Flight2-Digital_38922,Guter Griff - Bumper,2026-08-15,adgapid_023_845008_00038922_022_0_0,,480x360v,München,1420,1,0.0007,15.62,1384,1359,1336,1323,0.9643,5.7691
DAT-2026-FKI-Flight2-Digital_38922,Guter Griff - Bumper,2026-08-16,adgapid_023_845008_00038922_022_0_0,,480x360v,München,1683,1,0.0006,18.51,1618,1579,1551,1523,0.9523,5.7416
DAT-2026-FKI-Flight2-Digital_38922,Guter Griff - Bumper,2026-08-17,adgapid_023_845008_00038922_022_0_0,,480x360v,München,1304,3,0.0023,14.34,1261,1236,1223,1211,0.96,5.7661
DAT-2026-FKI-Flight2-Digital_38922,Guter Griff - Bumper,2026-08-18,adgapid_023_845008_00038922_022_0_0,,480x360v,München,1519,3,0.002,16.71,1434,1363,1327,1298,0.9147,5.6631
DAT-2026-FKI-Flight2-Digital_38922,Guter Griff - Bumper,2026-08-19,adgapid_023_845008_00038922_022_0_0,,480x360v,München,1112,2,0.0018,12.23,1049,1006,969,938,0.9203,5.6762
DAT-2026-FKI-Flight2-Digital_38922,Guter Griff - Bumper,2026-08-20,adgapid_023_845008_00038922_022_0_0,,480x360v,München,1135,2,0.0018,12.48,1086,1050,1024,1000,0.9427,5.7296
DAT-2026-FKI-Flight2-Digital_38922,Guter Griff - Bumper,2026-08-21,adgapid_023_845008_00038922_022_0_0,,480x360v,München,1091,0,0.0,12.00,1057,1019,1003,988,0.9536,5.7509
DAT-2026-FKI-Flight2-Digital_38922,Guter Griff - Bumper,2026-08-22,adgapid_023_845008_00038922_022_0_0,,480x360v,München,1099,0,0.0,12.09,1050,1028,1006,990,0.9489,5.7677
DAT-2026-FKI-Flight2-Digital_38922,Guter Griff - Bumper,2026-08-23,adgapid_023_845008_00038922_022_0_0,,480x360v,München,1177,1,0.0008,12.95,1127,1105,1079,1059,0.9563,5.7533
DAT-2026-FKI-Flight2-Digital_38922,Guter Griff - Bumper,2026-08-24,adgapid_023_845008_00038922_022_0_0,,480x360v,München,1134,0,0.0,12.47,1100,1086,1072,1063,0.9626,5.7782
DAT-2026-FKI-Flight2-Digital_38922,Guter Griff - Bumper,2026-08-25,adgapid_023_845008_00038922_022_0_0,,480x360v,München,1058,0,0.0,11.64,1022,995,983,972,0.9503,5.7887
DAT-2026-FKI-Flight2-Digital_38922,Guter Griff - Bumper,2026-08-26,adgapid_023_845008_00038922_022_0_0,,480x360v,München,1101,1,0.0009,12.11,1067,1047,1035,1020,0.9604,5.775
DAT-2026-FKI-Flight2-Digital_38922,Guter Griff - Bumper,2026-08-27,adgapid_023_845008_00038922_022_0_0,,480x360v,München,1120,0,0.0,12.32,1081,1053,1039,1030,0.9534,5.7701
DAT-2026-FKI-Flight2-Digital_38922,Guter Griff - Bumper,2026-08-28,adgapid_023_845008_00038922_022_0_0,,480x360v,München,1102,0,0.0,12.12,1069,1049,1023,1015,0.9603,5.7741
DAT-2026-FKI-Flight2-Digital_38922,Guter Griff - Bumper,2026-08-29,adgapid_023_845008_00038922_022_0_0,,480x360v,München,1155,0,0.0,12.71,1104,1075,1045,1022,0.9419,5.7494
DAT-2026-FKI-Flight2-Digital_38922,Guter Griff - Bumper,2026-08-30,adgapid_023_845008_00038922_022_0_0,,480x360v,München,1132,1,0.0009,12.45,1071,1041,1012,998,0.9403,5.7234
LEN - Mutiny,LEN - Mutiny,2026-08-08,,,480x361v,,90950,0,0.0,1091.40,24150,19853,17680,13898,0.313,39.912
LEN - Mutiny,LEN - Mutiny,2026-08-09,,,480x361v,,101897,0,0.0,1222.76,25473,20926,18578,14705,0.3018,37.9215
LEN - Mutiny,LEN - Mutiny,2026-08-10,,,480x361v,,96726,0,0.0,1160.71,21865,17352,15033,10959,0.2785,33.615
LEN - Mutiny,LEN - Mutiny,2026-08-11,,,480x361v,,97728,0,0.0,1172.74,25240,20231,17794,14147,0.3025,37.2002
LEN - Mutiny,LEN - Mutiny,2026-08-12,,,480x361v,,93297,0,0.0,1119.56,20546,16091,14004,10667,0.2741,32.9618
LEN - Mutiny,LEN - Mutiny,2026-08-13,,,480x361v,,92406,0,0.0,1108.87,20578,16169,14158,11015,0.2767,33.3787
LEN - Mutiny,LEN - Mutiny,2026-08-14,,,480x361v,,92782,0,0.0,1113.38,20561,16376,14374,11190,0.2776,33.7112
LEN - Mutiny,LEN - Mutiny,2026-08-15,,,480x361v,,98627,0,0.0,1183.52,23647,19333,17223,13854,0.2946,36.7657
LEN - Mutiny,LEN - Mutiny,2026-08-16,,,480x361v,,91371,0,0.0,1096.45,21400,17389,15526,12654,0.2903,35.8678
LEN - Mutiny,LEN - Mutiny,2026-08-17,,,480x361v,,88169,0,0.0,1058.03,17912,14022,12243,9491,0.2627,30.7246
LEN - Mutiny,LEN - Mutiny,2026-08-18,,,480x361v,,93281,0,0.0,1119.37,18907,14620,12625,9608,0.2606,30.2828
LEN - Mutiny,LEN - Mutiny,2026-08-19,,,480x361v,,94824,0,0.0,1137.89,19674,15341,13242,10158,0.2646,31.1023
LEN - Mutiny,LEN - Mutiny,2026-08-20,,,480x361v,,87476,0,0.0,1049.71,18004,14064,12243,9520,0.2644,31.1035
LEN - Mutiny,LEN - Mutiny,2026-08-21,,,480x361v,,92743,0,0.0,1112.92,19589,15532,13659,10732,0.2702,32.3864
LEN - Mutiny,LEN - Mutiny,2026-08-22,,,480x361v,,90720,0,0.0,1088.64,20249,16235,14407,11664,0.2807,34.3323
LEN - Mutiny,LEN - Mutiny,2026-08-23,,,480x361v,,89184,0,0.0,1070.21,20060,16169,14301,11591,0.2824,34.5977
LEN - Mutiny,LEN - Mutiny,2026-08-24,,,480x361v,,88319,0,0.0,1059.83,19866,15516,13499,10634,0.2776,34.0851
LEN - Mutiny,LEN - Mutiny,2026-08-25,,,480x361v,,89509,0,0.0,1074.11,20882,16259,14141,11214,0.283,34.9131
LEN - Mutiny,LEN - Mutiny,2026-08-26,,,480x361v,,89518,0,0.0,1074.22,20569,16143,14043,11310,0.2816,34.8341
LEN - Mutiny,LEN - Mutiny,2026-08-27,,,480x361v,,92343,0,0.0,1108.12,20046,15609,13546,10843,0.2722,33.0758
LEN - Mutiny,LEN - Mutiny,2026-08-28,,,480x361v,,80556,0,0.0,966.67,15338,11725,10121,8015,0.2521,29.5198
LEN - Mutiny,LEN - Mutiny,2026-08-29,,,480x361v,,81178,0,0.0,974.14,13258,9947,8384,6527,0.232,26.3862
LEN - Mutiny,LEN - Mutiny,2026-08-30,,,480x361v,,71526,0,0.0,858.31,14247,11188,9803,7976,0.2616,31.1852
LEN - The Uprising,The Uprising - AB,2026-08-24,,,480x360v,München,22948,38,0.0017,339.63,21460,20959,20716,20549,0.9179,18.5164
LEN - The Uprising,The Uprising - AB,2026-08-25,,,480x360v,München,36520,51,0.0014,540.50,34126,33353,32909,32665,0.9193,18.4828
LEN - The Uprising,The Uprising - AB,2026-08-26,,,480x360v,München,34265,47,0.0014,507.12,31767,30972,30564,30340,0.9113,18.4117
LEN - The Uprising,The Uprising - AB,2026-08-27,,,480x360v,München,35973,55,0.0015,532.40,32912,32077,31594,31310,0.9005,18.3067
LEN - The Uprising,The Uprising - AB,2026-08-28,,,480x360v,München,31804,51,0.0016,470.70,27846,26809,26279,25940,0.8584,17.4434
LEN - The Uprising,The Uprising - AB,2026-08-29,,,480x360v,München,32294,53,0.0016,477.95,28427,27257,26632,26230,0.8615,17.6031
LEN - The Uprising,The Uprising - AB,2026-08-30,,,480x360v,München,32848,45,0.0014,486.15,29370,28337,27795,27431,0.8773,17.9492
LEN - The Uprising,The Uprising - JETZT,2026-08-24,,,480x360v,München,9229,14,0.0015,136.59,8599,8402,8307,8249,0.9186,18.599
LOT-26-102-37683-Präsenzkampagne-Produkt-Reac,Doppelte 7,2026-08-13,adgapid_023_844242_00037683_010_0_0, adgapid_023_844242_00037683_010_0_0,480x360v,,3,0,0.0,0.04,2,2,2,1,0.6667,8.8745
LOT-26-102-37683-Präsenzkampagne-Produkt-Reac,Doppelte 7,2026-08-17,adgapid_023_844242_00037683_010_0_0, adgapid_023_844242_00037683_010_0_0,480x360v,,3968,6,0.0015,58.73,3754,3632,3571,3534,0.9236,9.3812
LOT-26-102-37683-Präsenzkampagne-Produkt-Reac,Doppelte 7,2026-08-18,adgapid_023_844242_00037683_010_0_0, adgapid_023_844242_00037683_010_0_0,480x360v,,4280,2,0.0005,63.34,4063,3868,3779,3708,0.9138,9.2743
LOT-26-102-37683-Präsenzkampagne-Produkt-Reac,Doppelte 7,2026-08-19,adgapid_023_844242_00037683_010_0_0, adgapid_023_844242_00037683_010_0_0,480x360v,,4261,5,0.0012,63.06,4096,3973,3902,3858,0.9365,9.4181
LOT-26-102-37683-Präsenzkampagne-Produkt-Reac,Doppelte 7,2026-08-20,adgapid_023_844242_00037683_010_0_0, adgapid_023_844242_00037683_010_0_0,480x360v,,4025,2,0.0005,59.57,3857,3733,3680,3636,0.9329,9.3976
LOT-26-102-37683-Präsenzkampagne-Produkt-Reac,Doppelte 7,2026-08-21,adgapid_023_844242_00037683_010_0_0, adgapid_023_844242_00037683_010_0_0,480x360v,,4193,5,0.0012,62.06,4015,3876,3802,3763,0.9315,9.3519
LOT-26-102-37683-Präsenzkampagne-Produkt-Reac,Doppelte 7,2026-08-22,adgapid_023_844242_00037683_010_0_0, adgapid_023_844242_00037683_010_0_0,480x360v,,4174,5,0.0012,61.78,3964,3850,3782,3754,0.9304,9.4255
LOT-26-102-37683-Präsenzkampagne-Produkt-Reac,Doppelte 7,2026-08-23,adgapid_023_844242_00037683_010_0_0, adgapid_023_844242_00037683_010_0_0,480x360v,,4103,4,0.001,60.72,3902,3790,3724,3691,0.9319,9.4336
LOT-26-102-37683-Präsenzkampagne-Produkt-Reac,Doppelte 7,2026-08-24,adgapid_023_844242_00037683_010_0_0, adgapid_023_844242_00037683_010_0_0,480x360v,,4353,2,0.0005,64.42,4220,4131,4076,4038,0.9499,9.466
LOT-26-102-37683-Präsenzkampagne-Produkt-Reac,Doppelte 7,2026-08-25,adgapid_023_844242_00037683_010_0_0, adgapid_023_844242_00037683_010_0_0,480x360v,,4514,5,0.0011,66.81,4398,4292,4257,4219,0.9541,9.4891
LOT-26-102-37683-Präsenzkampagne-Produkt-Reac,Doppelte 7,2026-08-26,adgapid_023_844242_00037683_010_0_0, adgapid_023_844242_00037683_010_0_0,480x360v,,4451,1,0.0002,65.87,4346,4245,4206,4178,0.9548,9.5189
LOT-26-102-37683-Präsenzkampagne-Produkt-Reac,Doppelte 7,2026-08-27,adgapid_023_844242_00037683_010_0_0, adgapid_023_844242_00037683_010_0_0,480x360v,,4751,4,0.0008,70.31,4593,4496,4437,4397,0.9493,9.4801
LOT-26-102-37683-Präsenzkampagne-Produkt-Reac,Doppelte 7,2026-08-28,adgapid_023_844242_00037683_010_0_0, adgapid_023_844242_00037683_010_0_0,480x360v,,3995,7,0.0018,59.13,3787,3689,3623,3581,0.9274,9.3786
LOT-26-102-37683-Präsenzkampagne-Produkt-Reac,Doppelte 7,2026-08-29,adgapid_023_844242_00037683_010_0_0, adgapid_023_844242_00037683_010_0_0,480x360v,,4083,2,0.0005,60.43,3856,3703,3618,3556,0.9151,9.2824
LOT-26-102-37683-Präsenzkampagne-Produkt-Reac,Doppelte 7,2026-08-30,adgapid_023_844242_00037683_010_0_0, adgapid_023_844242_00037683_010_0_0,480x360v,,3831,2,0.0005,56.70,3605,3486,3418,3374,0.9198,9.365
LOT-26-102-37683-Präsenzkampagne-Produkt-Reac,Jahreslotterie,2026-08-01,adgapid_023_844242_00037683_010_0_0,,480x360v,,8179,10,0.0012,121.05,7608,7379,7262,7202,0.9133,18.3576
LOT-26-102-37683-Präsenzkampagne-Produkt-Reac,Jahreslotterie,2026-08-02,adgapid_023_844242_00037683_010_0_0,,480x360v,,8808,15,0.0017,130.36,8250,8021,7899,7822,0.9201,18.3415
LOT-26-102-37683-Präsenzkampagne-Produkt-Reac,KW 28,2026-08-02,adgapid_023_844242_00037683_010_0_0,adgapid_023_844242_00037683_010_0_0,480x360v,,275,0,0.0,4.07,270,265,261,259,0.9573,9.4274
LOT-26-102-37683-Präsenzkampagne-Produkt-Reac,KW 28,2026-08-03,adgapid_023_844242_00037683_010_0_0,adgapid_023_844242_00037683_010_0_0,480x360v,,4515,3,0.0007,66.82,4365,4286,4238,4217,0.9516,9.5243
LOT-26-102-37683-Präsenzkampagne-Produkt-Reac,LOT - August - KW 32-33,2026-08-03,adgapid_023_844242_00037683_010_0_0,adgapid_023_844242_00037683_010_0_0,480x360v,,3979,2,0.0005,58.89,3797,3691,3650,3616,0.9271,18.3138
LOT-26-102-37683-Präsenzkampagne-Produkt-Reac,LOT - August - KW 32-33,2026-08-04,adgapid_023_844242_00037683_010_0_0,adgapid_023_844242_00037683_010_0_0,480x360v,,8508,5,0.0006,125.92,8026,7823,7704,7632,0.9234,18.2757
LOT-26-102-37683-Präsenzkampagne-Produkt-Reac,LOT - August - KW 32-33,2026-08-05,adgapid_023_844242_00037683_010_0_0,adgapid_023_844242_00037683_010_0_0,480x360v,,8489,8,0.0009,125.64,7993,7769,7626,7550,0.9191,18.2753
LOT-26-102-37683-Präsenzkampagne-Produkt-Reac,LOT - August - KW 32-33,2026-08-06,adgapid_023_844242_00037683_010_0_0,adgapid_023_844242_00037683_010_0_0,480x360v,,8507,10,0.0012,125.90,7942,7700,7580,7501,0.9139,18.2784
LOT-26-102-37683-Präsenzkampagne-Produkt-Reac,LOT - August - KW 32-33,2026-08-07,adgapid_023_844242_00037683_010_0_0,adgapid_023_844242_00037683_010_0_0,480x360v,,8642,16,0.0019,127.90,8038,7818,7682,7574,0.9103,18.1499
LOT-26-102-37683-Präsenzkampagne-Produkt-Reac,LOT - August - KW 32-33,2026-08-08,adgapid_023_844242_00037683_010_0_0,adgapid_023_844242_00037683_010_0_0,480x360v,,8366,11,0.0013,123.82,7687,7453,7313,7221,0.9024,18.2677
LOT-26-102-37683-Präsenzkampagne-Produkt-Reac,LOT - August - KW 32-33,2026-08-09,adgapid_023_844242_00037683_010_0_0,adgapid_023_844242_00037683_010_0_0,480x360v,,8236,8,0.001,121.89,7589,7327,7224,7139,0.9044,18.17
LOT-26-102-37683-Präsenzkampagne-Produkt-Reac,LOT - August - KW 32-33,2026-08-10,adgapid_023_844242_00037683_010_0_0,adgapid_023_844242_00037683_010_0_0,480x360v,,8431,14,0.0017,124.78,7775,7567,7441,7374,0.9061,18.2227
LOT-26-102-37683-Präsenzkampagne-Produkt-Reac,LOT - August - KW 32-33,2026-08-11,adgapid_023_844242_00037683_010_0_0,adgapid_023_844242_00037683_010_0_0,480x360v,,8475,11,0.0013,125.43,7951,7696,7573,7503,0.913,18.1185
LOT-26-102-37683-Präsenzkampagne-Produkt-Reac,LOT - August - KW 32-33,2026-08-12,adgapid_023_844242_00037683_010_0_0,adgapid_023_844242_00037683_010_0_0,480x360v,,8323,13,0.0016,123.18,7743,7480,7363,7283,0.9073,18.1214
LOT-26-102-37683-Präsenzkampagne-Produkt-Reac,LOT - August - KW 32-33,2026-08-13,adgapid_023_844242_00037683_010_0_0,adgapid_023_844242_00037683_010_0_0,480x360v,,8327,14,0.0017,123.24,7768,7507,7364,7285,0.909,18.203
LOT-26-102-37683-Präsenzkampagne-Produkt-Reac,LOT - August - KW 32-33,2026-08-14,adgapid_023_844242_00037683_010_0_0,adgapid_023_844242_00037683_010_0_0,480x360v,,8188,13,0.0016,121.18,7586,7335,7236,7132,0.9072,18.1064
LOT-26-102-37683-Präsenzkampagne-Produkt-Reac,LOT - August - KW 32-33,2026-08-15,adgapid_023_844242_00037683_010_0_0,adgapid_023_844242_00037683_010_0_0,480x360v,,8568,16,0.0019,126.81,7828,7600,7458,7376,0.9006,18.1783
LOT-26-102-37683-Präsenzkampagne-Produkt-Reac,LOT - August - KW 32-33,2026-08-16,adgapid_023_844242_00037683_010_0_0,adgapid_023_844242_00037683_010_0_0,480x360v,,8175,17,0.0021,120.99,7463,7230,7108,7012,0.8984,18.1814
LOT-26-102-37683-Präsenzkampagne-Produkt-Reac,LOT - August - KW 32-33,2026-08-17,adgapid_023_844242_00037683_010_0_0,adgapid_023_844242_00037683_010_0_0,480x360v,,4005,5,0.0012,59.27,3697,3576,3507,3470,0.9037,18.223
LOT-26-102-37683-Präsenzkampagne-Produkt-Reac,LOT - August - KW 32-33,2026-08-18,adgapid_023_844242_00037683_010_0_0,adgapid_023_844242_00037683_010_0_0,480x360v,,4115,11,0.0027,60.90,3726,3537,3442,3366,0.8756,17.7104
LOT-26-102-37683-Präsenzkampagne-Produkt-Reac,LOT - August - KW 32-33,2026-08-19,adgapid_023_844242_00037683_010_0_0,adgapid_023_844242_00037683_010_0_0,480x360v,,3931,4,0.001,58.18,3662,3537,3478,3419,0.9056,18.1139
LOT-26-102-37683-Präsenzkampagne-Produkt-Reac,LOT - August - KW 32-33,2026-08-20,adgapid_023_844242_00037683_010_0_0,adgapid_023_844242_00037683_010_0_0,480x360v,,3828,9,0.0024,56.65,3545,3434,3376,3340,0.9087,18.1643
LOT-26-102-37683-Präsenzkampagne-Produkt-Reac,LOT - August - KW 32-33,2026-08-21,adgapid_023_844242_00037683_010_0_0,adgapid_023_844242_00037683_010_0_0,480x360v,,4008,6,0.0015,59.32,3708,3591,3519,3483,0.9074,18.278
LOT-26-102-37683-Präsenzkampagne-Produkt-Reac,LOT - August - KW 32-33,2026-08-22,adgapid_023_844242_00037683_010_0_0,adgapid_023_844242_00037683_010_0_0,480x360v,,3870,6,0.0016,57.28,3545,3426,3357,3308,0.8958,18.1383
LOT-26-102-37683-Präsenzkampagne-Produkt-Reac,LOT - August - KW 32-33,2026-08-23,adgapid_023_844242_00037683_010_0_0,adgapid_023_844242_00037683_010_0_0,480x360v,,3880,12,0.0031,57.42,3579,3453,3398,3357,0.9028,18.2108
LOT-26-102-37683-Präsenzkampagne-Produkt-Reac,LOT - August - KW 32-33,2026-08-24,adgapid_023_844242_00037683_010_0_0,adgapid_023_844242_00037683_010_0_0,480x360v,,3543,5,0.0014,52.44,3302,3219,3154,3122,0.9094,18.2514
LOT-26-102-37683-Präsenzkampagne-Produkt-Reac,LOT - August - KW 32-33,2026-08-25,adgapid_023_844242_00037683_010_0_0,adgapid_023_844242_00037683_010_0_0,480x360v,,3422,5,0.0015,50.65,3212,3131,3082,3047,0.9207,18.3069
LOT-26-102-37683-Präsenzkampagne-Produkt-Reac,LOT - August - KW 32-33,2026-08-26,adgapid_023_844242_00037683_010_0_0,adgapid_023_844242_00037683_010_0_0,480x360v,,3441,5,0.0015,50.93,3215,3127,3078,3047,0.9121,18.2914
LOT-26-102-37683-Präsenzkampagne-Produkt-Reac,LOT - August - KW 32-33,2026-08-27,adgapid_023_844242_00037683_010_0_0,adgapid_023_844242_00037683_010_0_0,480x360v,,3545,7,0.002,52.47,3323,3240,3187,3144,0.9176,18.2951
LOT-26-102-37683-Präsenzkampagne-Produkt-Reac,LOT - August - KW 32-33,2026-08-28,adgapid_023_844242_00037683_010_0_0,adgapid_023_844242_00037683_010_0_0,480x360v,,3252,4,0.0012,48.13,2909,2783,2732,2691,0.8708,17.4743
LOT-26-102-37683-Präsenzkampagne-Produkt-Reac,LOT - August - KW 32-33,2026-08-29,adgapid_023_844242_00037683_010_0_0,adgapid_023_844242_00037683_010_0_0,480x360v,,3303,2,0.0006,48.88,2908,2762,2690,2642,0.8549,17.3079
LOT-26-102-37683-Präsenzkampagne-Produkt-Reac,LOT - August - KW 32-33,2026-08-30,adgapid_023_844242_00037683_010_0_0,adgapid_023_844242_00037683_010_0_0,480x360v,,3462,11,0.0032,51.24,3103,2968,2896,2850,0.8763,17.6659
LOT-26-102-37683-Präsenzkampagne-Produkt-Reac,LOT-26-102-37683-Präsenzkampagne-Produkt-Reac - August 31,2026-08-27,adgapid_023_844242_00037683_010_0_0,,480x360v,,1,0,0.0,0.01,1,1,1,1,1.0,9.979
ROS-2026-38794-Deko-KW35,ROS KW 35 - Samstag,2026-08-24,adgapid_023_845005_00038794_002_0_0,,480x360v,München,3663,8,0.0022,59.16,3439,3336,3286,3250,0.9219,13.9518
ROS-2026-38794-Deko-KW35,ROS KW 35 - Samstag,2026-08-25,adgapid_023_845005_00038794_002_0_0,,480x360v,München,3912,4,0.001,63.18,3693,3589,3529,3501,0.929,14.0446
ROS-2026-38794-Deko-KW35,ROS KW 35 - Samstag,2026-08-26,adgapid_023_845005_00038794_002_0_0,,480x360v,München,3314,3,0.0009,53.52,3121,3006,2955,2929,0.923,13.9363
ROS-2026-38794-Deko-KW35,ROS KW 35 - Samstag,2026-08-29,adgapid_023_845005_00038794_002_0_0,,480x360v,München,65392,94,0.0014,1056.08,58213,55551,54183,53385,0.8693,13.4812
ROS-2026-38794-Deko-KW35,ROS KW 35 - Samstag,2026-08-30,adgapid_023_845005_00038794_002_0_0,,480x360v,München,0,0,0.0,0.00,1,1,1,1,1.0,0.0
ROS-2026-38794-Deko-KW35,ROS KW 35 Mo-Fr,2026-08-24,adgapid_023_845005_00038794_002_0_0,,480x360v,München,81578,111,0.0014,1317.48,75732,73433,72315,71641,0.9122,13.85
ROS-2026-38794-Deko-KW35,ROS KW 35 Mo-Fr,2026-08-25,adgapid_023_845005_00038794_002_0_0,,480x360v,München,90828,143,0.0016,1466.87,84468,81955,80685,79989,0.9146,13.8586
ROS-2026-38794-Deko-KW35,ROS KW 35 Mo-Fr,2026-08-26,adgapid_023_845005_00038794_002_0_0,,480x360v,München,84938,124,0.0015,1371.75,78910,76590,75375,74648,0.9139,13.8434
ROS-2026-38794-Deko-KW35,ROS KW 35 Mo-Fr,2026-08-27,adgapid_023_845005_00038794_002_0_0,,480x360v,München,83617,116,0.0014,1350.41,77448,75096,73890,73233,0.9107,13.8241
ROS-2026-38794-Deko-KW35,ROS KW 35 Mo-Fr,2026-08-28,adgapid_023_845005_00038794_002_0_0,,480x360v,München,72743,75,0.001,1174.80,65444,62873,61630,60899,0.8814,13.4863
ROS-2026-38794-Deko-KW35,ROS KW 35 Mo-Fr,2026-08-29,adgapid_023_845005_00038794_002_0_0,,480x360v,München,0,0,0.0,0.00,1,1,2,2,0.0,0.0
TBK-2026-38645-Online-Image-Q3,TBK - VAST,2026-08-03,adgapid_023_845008_00038645_009_0_0,,480x360v,München,16672,17,0.001,275.09,15771,15397,15237,15126,0.9293,18.2559
TBK-2026-38645-Online-Image-Q3,TBK - VAST,2026-08-04,adgapid_023_845008_00038645_009_0_0,,480x360v,München,30704,40,0.0013,506.62,28828,28182,27856,27639,0.9251,18.3452
TBK-2026-38645-Online-Image-Q3,TBK - VAST,2026-08-05,adgapid_023_845008_00038645_009_0_0,,480x360v,München,28210,35,0.0012,465.46,26380,25746,25412,25225,0.9219,18.3308
TBK-2026-38645-Online-Image-Q3,TBK - VAST,2026-08-06,adgapid_023_845008_00038645_009_0_0,,480x360v,München,29354,54,0.0018,484.34,27100,26377,26003,25771,0.9101,18.2313
TBK-2026-38645-Online-Image-Q3,TBK - VAST,2026-08-07,adgapid_023_845008_00038645_009_0_0,,480x360v,München,29494,37,0.0013,486.65,27186,26456,26095,25881,0.9087,18.1941
TBK-2026-38645-Online-Image-Q3,TBK - VAST,2026-08-08,adgapid_023_845008_00038645_009_0_0,,480x360v,München,27957,54,0.0019,461.29,25534,24763,24381,24133,0.8999,18.201
TBK-2026-38645-Online-Image-Q3,TBK - VAST,2026-08-09,adgapid_023_845008_00038645_009_0_0,,480x360v,München,27357,36,0.0013,451.39,24951,24159,23753,23547,0.8983,18.0935
TBK-2026-38645-Online-Image-Q3,TBK - VAST,2026-08-10,adgapid_023_845008_00038645_009_0_0,,480x360v,München,15566,31,0.002,256.84,14288,13920,13702,13588,0.9068,18.2503
TBK-2026-38645-Online-Image-Q3,TBK_VAST v2,2026-08-10,adgapid_023_845008_00038645_009_0_0,adgapid_023_845008_00038645_009_0_0,480x360v,München,12566,16,0.0013,207.34,11501,11164,10974,10862,0.8984,17.9375
TBK-2026-38645-Online-Image-Q3,TBK_VAST v2,2026-08-11,adgapid_023_845008_00038645_009_0_0,adgapid_023_845008_00038645_009_0_0,480x360v,München,28653,28,0.001,472.77,27247,26694,26421,26244,0.934,18.4558
TBK-2026-38645-Online-Image-Q3,TBK_VAST v2,2026-08-12,adgapid_023_845008_00038645_009_0_0,adgapid_023_845008_00038645_009_0_0,480x360v,München,28015,40,0.0014,462.25,25900,25152,24809,24616,0.9096,18.1444
TBK-2026-38645-Online-Image-Q3,TBK_VAST v2,2026-08-13,adgapid_023_845008_00038645_009_0_0,adgapid_023_845008_00038645_009_0_0,480x360v,München,28121,32,0.0011,464.00,26051,25324,24999,24788,0.9121,18.1686
TBK-2026-38645-Online-Image-Q3,TBK_VAST v2,2026-08-14,adgapid_023_845008_00038645_009_0_0,adgapid_023_845008_00038645_009_0_0,480x360v,München,27630,32,0.0012,455.89,25538,24850,24503,24265,0.9113,18.2012
TBK-2026-38645-Online-Image-Q3,TBK_VAST v2,2026-08-15,adgapid_023_845008_00038645_009_0_0,adgapid_023_845008_00038645_009_0_0,480x360v,München,29704,42,0.0014,490.12,27055,26252,25860,25622,0.8989,18.1631
TBK-2026-38645-Online-Image-Q3,TBK_VAST v2,2026-08-16,adgapid_023_845008_00038645_009_0_0,adgapid_023_845008_00038645_009_0_0,480x360v,München,27656,45,0.0016,456.32,25106,24293,23947,23729,0.8955,18.1374
TBK-2026-38645-Online-Image-Q3,TBK_VAST v2,2026-08-17,adgapid_023_845008_00038645_009_0_0,adgapid_023_845008_00038645_009_0_0,480x360v,München,26483,38,0.0014,436.97,24354,23648,23323,23131,0.9055,18.1653
TBK-2026-38645-Online-Image-Q3,TBK_VAST v2,2026-08-18,adgapid_023_845008_00038645_009_0_0,adgapid_023_845008_00038645_009_0_0,480x360v,München,28435,41,0.0014,469.18,26041,25257,24863,24649,0.9015,17.9767
TBK-2026-38645-Online-Image-Q3,TBK_VAST v2,2026-08-19,adgapid_023_845008_00038645_009_0_0,adgapid_023_845008_00038645_009_0_0,480x360v,München,27843,36,0.0013,459.41,25763,25044,24744,24537,0.9113,18.1646
TBK-2026-38645-Online-Image-Q3,TBK_VAST v2,2026-08-20,adgapid_023_845008_00038645_009_0_0,adgapid_023_845008_00038645_009_0_0,480x360v,München,26160,42,0.0016,431.64,24099,23435,23136,22941,0.9085,18.1824
TBK-2026-38645-Online-Image-Q3,TBK_VAST v2,2026-08-21,adgapid_023_845008_00038645_009_0_0,adgapid_023_845008_00038645_009_0_0,480x360v,München,27986,43,0.0015,461.77,25736,25005,24667,24458,0.9064,18.1765
TBK-2026-38645-Online-Image-Q3,TBK_VAST v2,2026-08-22,adgapid_023_845008_00038645_009_0_0,adgapid_023_845008_00038645_009_0_0,480x360v,München,26915,44,0.0016,444.10,24416,23728,23355,23137,0.8963,18.1819
TBK-2026-38645-Online-Image-Q3,TBK_VAST v2,2026-08-23,adgapid_023_845008_00038645_009_0_0,adgapid_023_845008_00038645_009_0_0,480x360v,München,26892,44,0.0016,443.72,24504,23770,23397,23176,0.8982,18.1638
TBK-2026-38645-Online-Image-Q3,TBK_VAST v2,2026-08-24,adgapid_023_845008_00038645_009_0_0,adgapid_023_845008_00038645_009_0_0,480x360v,München,26538,37,0.0014,437.88,24421,23801,23494,23310,0.9081,18.2922
TBK-2026-38645-Online-Image-Q3,TBK_VAST v2,2026-08-25,adgapid_023_845008_00038645_009_0_0,adgapid_023_845008_00038645_009_0_0,480x360v,München,26784,48,0.0018,441.94,25002,24415,24117,23952,0.9216,18.3789
TBK-2026-38645-Online-Image-Q3,TBK_VAST v2,2026-08-26,adgapid_023_845008_00038645_009_0_0,adgapid_023_845008_00038645_009_0_0,480x360v,München,26963,46,0.0017,444.89,25126,24572,24293,24126,0.9223,18.46
TBK-2026-38645-Online-Image-Q3,TBK_VAST v2,2026-08-27,adgapid_023_845008_00038645_009_0_0,adgapid_023_845008_00038645_009_0_0,480x360v,München,27756,41,0.0015,457.97,25776,25173,24878,24669,0.9175,18.4404
TBK-2026-38645-Online-Image-Q3,TBK_VAST v2,2026-08-28,adgapid_023_845008_00038645_009_0_0,adgapid_023_845008_00038645_009_0_0,480x360v,München,24749,38,0.0015,408.36,21574,20682,20216,19945,0.8552,17.3337
TBK-2026-38645-Online-Image-Q3,TBK_VAST v2,2026-08-29,adgapid_023_845008_00038645_009_0_0,adgapid_023_845008_00038645_009_0_0,480x360v,München,24668,49,0.002,407.02,21157,20062,19479,19111,0.8369,17.2027
TBK-2026-38645-Online-Image-Q3,TBK_VAST v2,2026-08-30,adgapid_023_845008_00038645_009_0_0,adgapid_023_845008_00038645_009_0_0,480x360v,München,24619,48,0.0019,406.21,21820,20918,20476,20178,0.8693,17.5919
X-ACE-26-001-Markenkampagne_Display [35955],Beach Day,2026-08-01,adgapid_023_844242_00035955_055_0_0,,480x360v,,2519,1,0.0004,41.56,2292,2202,2152,2123,0.902,13.7677
X-ACE-26-001-Markenkampagne_Display [35955],Beach Day,2026-08-02,adgapid_023_844242_00035955_055_0_0,,480x360v,,2878,2,0.0007,47.49,2659,2579,2519,2495,0.9188,13.9422
X-ACE-26-001-Markenkampagne_Display [35955],Beach Day,2026-08-03,adgapid_023_844242_00035955_055_0_0,,480x360v,,2611,4,0.0015,43.08,2441,2357,2311,2292,0.9197,13.912
X-ACE-26-001-Markenkampagne_Display [35955],Beach Day,2026-08-04,adgapid_023_844242_00035955_055_0_0,,480x360v,,2506,0,0.0,41.35,2351,2277,2236,2210,0.9222,13.9415
X-ACE-26-001-Markenkampagne_Display [35955],Beach Day,2026-08-05,adgapid_023_844242_00035955_055_0_0,,480x360v,,2829,2,0.0007,46.68,2648,2565,2523,2502,0.9263,13.9845
X-ACE-26-001-Markenkampagne_Display [35955],Beach Day,2026-08-06,adgapid_023_844242_00035955_055_0_0,,480x360v,,2475,1,0.0004,40.84,2292,2223,2190,2167,0.9204,13.9721
X-ACE-26-001-Markenkampagne_Display [35955],Beach Day,2026-08-07,adgapid_023_844242_00035955_055_0_0,,480x360v,,2474,5,0.002,40.82,2296,2227,2182,2150,0.9147,13.9405
X-ACE-26-001-Markenkampagne_Display [35955],Beach Day,2026-08-08,adgapid_023_844242_00035955_055_0_0,,480x360v,,2606,3,0.0012,43.00,2372,2279,2235,2199,0.9048,13.8483
X-ACE-26-001-Markenkampagne_Display [35955],Beach Day,2026-08-09,adgapid_023_844242_00035955_055_0_0,,480x360v,,2713,1,0.0004,44.76,2495,2402,2344,2322,0.9088,13.8687
X-ACE-26-001-Markenkampagne_Display [35955],Beach Day,2026-08-10,adgapid_023_844242_00035955_055_0_0,,480x360v,,2641,4,0.0015,43.58,2431,2340,2287,2256,0.9106,13.8526
X-ACE-26-001-Markenkampagne_Display [35955],Beach Day,2026-08-11,adgapid_023_844242_00035955_055_0_0,,480x360v,,2476,2,0.0008,40.85,2279,2182,2133,2106,0.9114,13.8992
X-ACE-26-001-Markenkampagne_Display [35955],Beach Day,2026-08-12,adgapid_023_844242_00035955_055_0_0,,480x360v,,2515,4,0.0016,41.50,2329,2235,2185,2158,0.9163,13.9186
X-ACE-26-001-Markenkampagne_Display [35955],Beach Day,2026-08-13,adgapid_023_844242_00035955_055_0_0,,480x360v,,2575,2,0.0008,42.49,2391,2297,2260,2236,0.9145,13.8817
X-ACE-26-001-Markenkampagne_Display [35955],Beach Day,2026-08-14,adgapid_023_844242_00035955_055_0_0,,480x360v,,2922,1,0.0003,48.21,2713,2621,2582,2552,0.9163,13.9422
X-ACE-26-001-Markenkampagne_Display [35955],Beach Day,2026-08-15,adgapid_023_844242_00035955_055_0_0,,480x360v,,2346,2,0.0009,38.71,2158,2071,2029,2008,0.9096,13.8502
X-ACE-26-001-Markenkampagne_Display [35955],Beach Day,2026-08-16,adgapid_023_844242_00035955_055_0_0,,480x360v,,2372,3,0.0013,39.14,2173,2090,2052,2019,0.9139,13.9344
X-ACE-26-001-Markenkampagne_Display [35955],Beach Day,2026-08-17,adgapid_023_844242_00035955_055_0_0,,480x360v,,2361,4,0.0017,38.96,2173,2097,2054,2033,0.9126,13.9147
X-ACE-26-001-Markenkampagne_Display [35955],Beach Day,2026-08-18,adgapid_023_844242_00035955_055_0_0,,480x360v,,2404,1,0.0004,39.67,2212,2136,2086,2060,0.9064,13.9046
X-ACE-26-001-Markenkampagne_Display [35955],Beach Day,2026-08-19,adgapid_023_844242_00035955_055_0_0,,480x360v,,2420,1,0.0004,39.93,2231,2151,2111,2081,0.9104,13.8563
X-ACE-26-001-Markenkampagne_Display [35955],Beach Day,2026-08-20,adgapid_023_844242_00035955_055_0_0,,480x360v,,2320,3,0.0013,38.28,2162,2099,2073,2050,0.9245,13.9793
X-ACE-26-001-Markenkampagne_Display [35955],Beach Day,2026-08-21,adgapid_023_844242_00035955_055_0_0,,480x360v,,2313,2,0.0009,38.16,2141,2056,2005,1979,0.9104,13.9312
X-ACE-26-001-Markenkampagne_Display [35955],Beach Day,2026-08-22,adgapid_023_844242_00035955_055_0_0,,480x360v,,2297,3,0.0013,37.90,2063,1975,1932,1898,0.8924,13.7621
X-ACE-26-001-Markenkampagne_Display [35955],Beach Day,2026-08-23,adgapid_023_844242_00035955_055_0_0,,480x360v,,2310,3,0.0013,38.12,2131,2047,2006,1985,0.9095,13.8883
X-ACE-26-001-Markenkampagne_Display [35955],Beach Day,2026-08-24,adgapid_023_844242_00035955_055_0_0,,480x360v,,2286,1,0.0004,37.72,2180,2122,2095,2072,0.9347,14.1389
X-ACE-26-001-Markenkampagne_Display [35955],Beach Day,2026-08-25,adgapid_023_844242_00035955_055_0_0,,480x360v,,2375,1,0.0004,39.19,2259,2193,2159,2137,0.9364,14.1197
X-ACE-26-001-Markenkampagne_Display [35955],Beach Day,2026-08-26,adgapid_023_844242_00035955_055_0_0,,480x360v,,2336,2,0.0009,38.54,2198,2135,2107,2088,0.9315,14.0371
X-ACE-26-001-Markenkampagne_Display [35955],Beach Day,2026-08-27,adgapid_023_844242_00035955_055_0_0,,480x360v,,2475,2,0.0008,40.84,2303,2229,2181,2167,0.9193,13.9183
X-ACE-26-001-Markenkampagne_Display [35955],Beach Day,2026-08-28,adgapid_023_844242_00035955_055_0_0,,480x360v,,2203,3,0.0014,36.35,2017,1940,1900,1877,0.9054,13.7419
X-ACE-26-001-Markenkampagne_Display [35955],Beach Day,2026-08-29,adgapid_023_844242_00035955_055_0_0,,480x360v,,2265,1,0.0004,37.37,2063,1979,1940,1905,0.9049,13.8082
X-ACE-26-001-Markenkampagne_Display [35955],Beach Day,2026-08-30,adgapid_023_844242_00035955_055_0_0,,480x360v,,2227,2,0.0009,36.75,2002,1906,1851,1827,0.8923,13.6921
X-ACE-26-001-Markenkampagne_Display [35955],Night Out,2026-08-01,adgapid_023_844242_00035955_055_0_0,,480x360v,,2612,2,0.0008,43.10,2380,2274,2214,2186,0.9,13.7366
X-ACE-26-001-Markenkampagne_Display [35955],Night Out,2026-08-02,adgapid_023_844242_00035955_055_0_0,,480x360v,,2837,3,0.0011,46.81,2637,2540,2489,2458,0.9152,13.8865
X-ACE-26-001-Markenkampagne_Display [35955],Night Out,2026-08-03,adgapid_023_844242_00035955_055_0_0,,480x360v,,2610,1,0.0004,43.06,2424,2337,2294,2259,0.915,13.8469
X-ACE-26-001-Markenkampagne_Display [35955],Night Out,2026-08-04,adgapid_023_844242_00035955_055_0_0,,480x360v,,2456,2,0.0008,40.52,2315,2237,2192,2167,0.9237,13.8871
X-ACE-26-001-Markenkampagne_Display [35955],Night Out,2026-08-05,adgapid_023_844242_00035955_055_0_0,,480x360v,,2804,5,0.0018,46.27,2627,2542,2507,2489,0.9255,14.0009
X-ACE-26-001-Markenkampagne_Display [35955],Night Out,2026-08-06,adgapid_023_844242_00035955_055_0_0,,480x360v,,2591,2,0.0008,42.75,2406,2307,2260,2231,0.9146,13.8834
X-ACE-26-001-Markenkampagne_Display [35955],Night Out,2026-08-07,adgapid_023_844242_00035955_055_0_0,,480x360v,,2513,1,0.0004,41.46,2313,2221,2173,2141,0.9043,13.8903
X-ACE-26-001-Markenkampagne_Display [35955],Night Out,2026-08-08,adgapid_023_844242_00035955_055_0_0,,480x360v,,2663,2,0.0008,43.94,2404,2306,2260,2229,0.8947,13.7445
X-ACE-26-001-Markenkampagne_Display [35955],Night Out,2026-08-09,adgapid_023_844242_00035955_055_0_0,,480x360v,,2631,3,0.0011,43.41,2388,2292,2246,2217,0.9041,13.811
X-ACE-26-001-Markenkampagne_Display [35955],Night Out,2026-08-10,adgapid_023_844242_00035955_055_0_0,,480x360v,,2623,3,0.0011,43.28,2398,2278,2221,2186,0.8953,13.7073
X-ACE-26-001-Markenkampagne_Display [35955],Night Out,2026-08-11,adgapid_023_844242_00035955_055_0_0,,480x360v,,2487,2,0.0008,41.04,2285,2203,2151,2114,0.9126,13.8511
X-ACE-26-001-Markenkampagne_Display [35955],Night Out,2026-08-12,adgapid_023_844242_00035955_055_0_0,,480x360v,,2434,1,0.0004,40.16,2207,2112,2060,2034,0.8938,13.7511
X-ACE-26-001-Markenkampagne_Display [35955],Night Out,2026-08-13,adgapid_023_844242_00035955_055_0_0,,480x360v,,2680,1,0.0004,44.22,2494,2395,2355,2323,0.9174,13.9031
X-ACE-26-001-Markenkampagne_Display [35955],Night Out,2026-08-14,adgapid_023_844242_00035955_055_0_0,,480x360v,,2854,1,0.0004,47.09,2671,2577,2534,2505,0.9195,13.9871
X-ACE-26-001-Markenkampagne_Display [35955],Night Out,2026-08-15,adgapid_023_844242_00035955_055_0_0,,480x360v,,2404,5,0.0021,39.67,2193,2099,2046,2017,0.899,13.7298
X-ACE-26-001-Markenkampagne_Display [35955],Night Out,2026-08-16,adgapid_023_844242_00035955_055_0_0,,480x360v,,2411,1,0.0004,39.78,2183,2115,2067,2042,0.9031,13.8629
X-ACE-26-001-Markenkampagne_Display [35955],Night Out,2026-08-17,adgapid_023_844242_00035955_055_0_0,,480x360v,,2296,1,0.0004,37.88,2115,2042,2012,1979,0.9151,13.9375
X-ACE-26-001-Markenkampagne_Display [35955],Night Out,2026-08-18,adgapid_023_844242_00035955_055_0_0,,480x360v,,2421,4,0.0017,39.95,2213,2109,2063,2034,0.8954,13.7841
X-ACE-26-001-Markenkampagne_Display [35955],Night Out,2026-08-19,adgapid_023_844242_00035955_055_0_0,,480x360v,,2286,1,0.0004,37.72,2124,2046,2005,1979,0.914,13.8724
X-ACE-26-001-Markenkampagne_Display [35955],Night Out,2026-08-20,adgapid_023_844242_00035955_055_0_0,,480x360v,,2289,0,0.0,37.77,2112,2037,2020,2004,0.9186,14.0762
X-ACE-26-001-Markenkampagne_Display [35955],Night Out,2026-08-21,adgapid_023_844242_00035955_055_0_0,,480x360v,,2286,3,0.0013,37.72,2067,1985,1939,1915,0.8981,13.765
X-ACE-26-001-Markenkampagne_Display [35955],Night Out,2026-08-22,adgapid_023_844242_00035955_055_0_0,,480x360v,,2355,0,0.0,38.86,2123,2029,1981,1946,0.8944,13.7506
X-ACE-26-001-Markenkampagne_Display [35955],Night Out,2026-08-23,adgapid_023_844242_00035955_055_0_0,,480x360v,,2344,2,0.0009,38.68,2128,2020,1984,1959,0.8936,13.6811
X-ACE-26-001-Markenkampagne_Display [35955],Night Out,2026-08-24,adgapid_023_844242_00035955_055_0_0,,480x360v,,2309,2,0.0009,38.10,2166,2114,2084,2069,0.9247,14.0577
X-ACE-26-001-Markenkampagne_Display [35955],Night Out,2026-08-25,adgapid_023_844242_00035955_055_0_0,,480x360v,,2270,0,0.0,37.45,2127,2049,2025,2002,0.9196,13.9633
X-ACE-26-001-Markenkampagne_Display [35955],Night Out,2026-08-26,adgapid_023_844242_00035955_055_0_0,,480x360v,,2295,1,0.0004,37.87,2127,2059,2032,2005,0.9181,13.9583
X-ACE-26-001-Markenkampagne_Display [35955],Night Out,2026-08-27,adgapid_023_844242_00035955_055_0_0,,480x360v,,2308,3,0.0013,38.08,2171,2120,2079,2052,0.9265,13.9137
X-ACE-26-001-Markenkampagne_Display [35955],Night Out,2026-08-28,adgapid_023_844242_00035955_055_0_0,,480x360v,,2153,3,0.0014,35.52,1981,1905,1864,1846,0.9049,13.7559
X-ACE-26-001-Markenkampagne_Display [35955],Night Out,2026-08-29,adgapid_023_844242_00035955_055_0_0,,480x360v,,2239,0,0.0,36.94,2033,1930,1872,1841,0.8923,13.6037
X-ACE-26-001-Markenkampagne_Display [35955],Night Out,2026-08-30,adgapid_023_844242_00035955_055_0_0,,480x360v,,2165,2,0.0009,35.72,1972,1861,1816,1784,0.8949,13.6169
X-ACE-26-001-Markenkampagne_Display [35955],Weddingv2,2026-08-01,adgapid_023_844242_00035955_055_0_0,,480x360v,,2579,3,0.0012,42.55,2355,2254,2200,2162,0.9022,13.7552
X-ACE-26-001-Markenkampagne_Display [35955],Weddingv2,2026-08-02,adgapid_023_844242_00035955_055_0_0,,480x360v,,2963,0,0.0,48.89,2716,2609,2548,2498,0.9017,13.7772
X-ACE-26-001-Markenkampagne_Display [35955],Weddingv2,2026-08-03,adgapid_023_844242_00035955_055_0_0,,480x360v,,2545,2,0.0008,41.99,2357,2263,2206,2179,0.9069,13.7682
X-ACE-26-001-Markenkampagne_Display [35955],Weddingv2,2026-08-04,adgapid_023_844242_00035955_055_0_0,,480x360v,,2485,2,0.0008,41.00,2323,2247,2203,2170,0.9159,13.878
X-ACE-26-001-Markenkampagne_Display [35955],Weddingv2,2026-08-05,adgapid_023_844242_00035955_055_0_0,,480x360v,,2730,5,0.0018,45.05,2538,2467,2433,2400,0.9242,14.011
X-ACE-26-001-Markenkampagne_Display [35955],Weddingv2,2026-08-06,adgapid_023_844242_00035955_055_0_0,,480x360v,,2502,4,0.0016,41.28,2302,2222,2172,2144,0.909,13.8232
X-ACE-26-001-Markenkampagne_Display [35955],Weddingv2,2026-08-07,adgapid_023_844242_00035955_055_0_0,,480x360v,,2496,5,0.002,41.18,2280,2169,2119,2097,0.895,13.6048
X-ACE-26-001-Markenkampagne_Display [35955],Weddingv2,2026-08-08,adgapid_023_844242_00035955_055_0_0,,480x360v,,2625,3,0.0011,43.31,2403,2263,2198,2170,0.897,13.6232
X-ACE-26-001-Markenkampagne_Display [35955],Weddingv2,2026-08-09,adgapid_023_844242_00035955_055_0_0,,480x360v,,2821,4,0.0014,46.55,2588,2458,2383,2343,0.8976,13.7002
X-ACE-26-001-Markenkampagne_Display [35955],Weddingv2,2026-08-10,adgapid_023_844242_00035955_055_0_0,,480x360v,,2616,7,0.0027,43.16,2383,2284,2217,2186,0.8968,13.7565
X-ACE-26-001-Markenkampagne_Display [35955],Weddingv2,2026-08-11,adgapid_023_844242_00035955_055_0_0,,480x360v,,2487,1,0.0004,41.04,2284,2170,2118,2085,0.9023,13.6737
X-ACE-26-001-Markenkampagne_Display [35955],Weddingv2,2026-08-12,adgapid_023_844242_00035955_055_0_0,,480x360v,,2664,2,0.0008,43.96,2437,2318,2249,2221,0.8969,13.6954
X-ACE-26-001-Markenkampagne_Display [35955],Weddingv2,2026-08-13,adgapid_023_844242_00035955_055_0_0,,480x360v,,2766,2,0.0007,45.64,2534,2442,2390,2356,0.9068,13.8422
X-ACE-26-001-Markenkampagne_Display [35955],Weddingv2,2026-08-14,adgapid_023_844242_00035955_055_0_0,,480x360v,,2977,4,0.0013,49.12,2736,2636,2587,2554,0.909,13.9268
X-ACE-26-001-Markenkampagne_Display [35955],Weddingv2,2026-08-15,adgapid_023_844242_00035955_055_0_0,,480x360v,,2294,6,0.0026,37.85,2069,1991,1946,1903,0.9025,13.8392
X-ACE-26-001-Markenkampagne_Display [35955],Weddingv2,2026-08-16,adgapid_023_844242_00035955_055_0_0,,480x360v,,2305,2,0.0009,38.03,2122,2020,1975,1948,0.9015,13.7721
X-ACE-26-001-Markenkampagne_Display [35955],Weddingv2,2026-08-17,adgapid_023_844242_00035955_055_0_0,,480x360v,,2356,2,0.0008,38.87,2175,2094,2050,2018,0.9092,13.8768
X-ACE-26-001-Markenkampagne_Display [35955],Weddingv2,2026-08-18,adgapid_023_844242_00035955_055_0_0,,480x360v,,2388,4,0.0017,39.40,2176,2078,2036,2009,0.8971,13.7261
X-ACE-26-001-Markenkampagne_Display [35955],Weddingv2,2026-08-19,adgapid_023_844242_00035955_055_0_0,,480x360v,,2338,0,0.0,38.58,2149,2059,2016,1989,0.9066,13.79
X-ACE-26-001-Markenkampagne_Display [35955],Weddingv2,2026-08-20,adgapid_023_844242_00035955_055_0_0,,480x360v,,2228,2,0.0009,36.76,2070,2009,1971,1960,0.9224,14.0489
X-ACE-26-001-Markenkampagne_Display [35955],Weddingv2,2026-08-21,adgapid_023_844242_00035955_055_0_0,,480x360v,,2360,2,0.0008,38.94,2142,2056,2013,1974,0.8976,13.7134
X-ACE-26-001-Markenkampagne_Display [35955],Weddingv2,2026-08-22,adgapid_023_844242_00035955_055_0_0,,480x360v,,2303,7,0.003,38.00,2097,1989,1930,1901,0.8909,13.5968
X-ACE-26-001-Markenkampagne_Display [35955],Weddingv2,2026-08-23,adgapid_023_844242_00035955_055_0_0,,480x360v,,2326,3,0.0013,38.38,2118,2040,1977,1938,0.9012,13.806
X-ACE-26-001-Markenkampagne_Display [35955],Weddingv2,2026-08-24,adgapid_023_844242_00035955_055_0_0,,480x360v,,2359,1,0.0004,38.92,2238,2185,2155,2139,0.9307,14.0602
X-ACE-26-001-Markenkampagne_Display [35955],Weddingv2,2026-08-25,adgapid_023_844242_00035955_055_0_0,,480x360v,,2370,3,0.0013,39.10,2208,2145,2110,2096,0.922,13.9815
X-ACE-26-001-Markenkampagne_Display [35955],Weddingv2,2026-08-26,adgapid_023_844242_00035955_055_0_0,,480x360v,,2371,3,0.0013,39.12,2205,2122,2085,2055,0.9141,13.9324
X-ACE-26-001-Markenkampagne_Display [35955],Weddingv2,2026-08-27,adgapid_023_844242_00035955_055_0_0,,480x360v,,2422,4,0.0017,39.96,2257,2171,2142,2118,0.9167,13.9509
X-ACE-26-001-Markenkampagne_Display [35955],Weddingv2,2026-08-28,adgapid_023_844242_00035955_055_0_0,,480x360v,,2353,1,0.0004,38.82,2136,2050,2005,1978,0.8954,13.7268
X-ACE-26-001-Markenkampagne_Display [35955],Weddingv2,2026-08-29,adgapid_023_844242_00035955_055_0_0,,480x360v,,2211,4,0.0018,36.48,1992,1891,1832,1809,0.8859,13.6608
X-ACE-26-001-Markenkampagne_Display [35955],Weddingv2,2026-08-30,adgapid_023_844242_00035955_055_0_0,,480x360v,,2206,0,0.0,36.40,1946,1838,1787,1744,0.8707,13.5627
X-TDI-2026-39590-Back to Cool,Contest,2026-08-01,,,480x360v,München,42953,0,0.0,837.58,37168,36195,35942,35771,0.8653,18.5685
X-TDI-2026-39590-Back to Cool,Contest,2026-08-02,,,480x360v,München,48457,0,0.0,944.91,41912,40933,40599,40395,0.866,18.5572
X-TDI-2026-39590-Back to Cool,Contest,2026-08-03,,,480x360v,München,43980,0,0.0,857.61,37876,36941,36637,36435,0.8622,18.5299
X-TDI-2026-39590-Back to Cool,Contest,2026-08-04,,,480x360v,München,43177,0,0.0,841.95,37278,36372,36101,35937,0.8644,18.5798
X-TDI-2026-39590-Back to Cool,Contest,2026-08-05,,,480x360v,München,42547,0,0.0,829.67,36864,35932,35671,35496,0.8665,18.5638
X-TDI-2026-39590-Back to Cool,Contest,2026-08-06,,,480x360v,München,36004,0,0.0,702.08,30736,29952,29690,29521,0.8549,18.4826
X-TDI-2026-39590-Back to Cool,Contest,2026-08-07,,,480x360v,München,0,0,0.0,0.00,1,1,1,1,1.0,0.0
X-TDI-2026-39590-Back to Cool,Generic,2026-08-01,,,480x360v,München,42707,0,0.0,832.79,36952,36124,35815,35611,0.8667,18.5488
X-TDI-2026-39590-Back to Cool,Generic,2026-08-02,,,480x360v,München,48369,0,0.0,943.20,42012,41056,40685,40439,0.8691,18.5792
X-TDI-2026-39590-Back to Cool,Generic,2026-08-03,,,480x360v,München,43903,0,0.0,856.11,37680,36790,36445,36243,0.8597,18.4904
X-TDI-2026-39590-Back to Cool,Generic,2026-08-04,,,480x360v,München,43114,0,0.0,840.72,37197,36419,36107,35885,0.8652,18.5405
X-TDI-2026-39590-Back to Cool,Generic,2026-08-05,,,480x360v,München,42096,0,0.0,820.87,36357,35555,35235,35021,0.8652,18.5638
X-TDI-2026-39590-Back to Cool,Generic,2026-08-06,,,480x360v,München,36179,0,0.0,705.49,30721,29998,29740,29552,0.852,18.4261
X-TDI-2026-39691- Back to Cool-AT,Contest,2026-08-10,,,480x360v,München,9989,16,0.0016,179.80,8854,8540,8427,8368,0.8763,18.2659
X-TDI-2026-39691- Back to Cool-AT,Contest,2026-08-11,,,480x360v,München,16346,31,0.0019,294.23,14599,14168,13996,13882,0.8855,18.4231
X-TDI-2026-39691- Back to Cool-AT,Contest,2026-08-12,,,480x360v,München,18552,34,0.0018,333.94,16591,16115,15891,15763,0.8867,18.4656
X-TDI-2026-39691- Back to Cool-AT,Contest,2026-08-13,,,480x360v,München,32993,62,0.0019,593.87,29870,29159,28844,28649,0.9,18.6327
X-TDI-2026-39691- Back to Cool-AT,Contest,2026-08-14,,,480x360v,München,25718,38,0.0015,462.92,23248,22752,22532,22385,0.9005,18.688
X-TDI-2026-39691- Back to Cool-AT,Contest,2026-08-15,,,480x360v,München,32181,53,0.0016,579.26,29010,28282,27990,27804,0.8957,18.6013
X-TDI-2026-39691- Back to Cool-AT,Contest,2026-08-16,,,480x360v,München,35683,62,0.0017,642.29,32257,31468,31151,30929,0.8984,18.6167
X-TDI-2026-39691- Back to Cool-AT,Contest,2026-08-17,,,480x360v,München,41473,65,0.0016,746.51,37550,36683,36308,36068,0.9002,18.6772
X-TDI-2026-39691- Back to Cool-AT,Contest,2026-08-18,,,480x360v,München,39521,69,0.0017,711.38,35864,35028,34675,34491,0.9019,18.6709
X-TDI-2026-39691- Back to Cool-AT,Contest,2026-08-19,,,480x360v,München,36243,54,0.0015,652.37,32499,31686,31316,31089,0.8902,18.5351
X-TDI-2026-39691- Back to Cool-AT,Contest,2026-08-20,,,480x360v,München,9686,12,0.0012,174.35,8695,8462,8367,8319,0.8902,18.4564
X-TDI-2026-39691- Back to Cool-AT,Contest,2026-08-21,,,480x360v,München,2759,6,0.0022,49.66,2477,2419,2397,2383,0.8949,18.5271
X-TDI-2026-39691- Back to Cool-AT,Contest,2026-08-22,,,480x360v,München,2730,6,0.0022,49.14,2474,2407,2374,2353,0.8968,18.5286
X-TDI-2026-39691- Back to Cool-AT,Contest,2026-08-23,,,480x360v,München,2803,8,0.0029,50.45,2553,2487,2460,2445,0.9019,18.6132
X-TDI-2026-39691- Back to Cool-AT,Contest,2026-08-24,,,480x360v,München,2733,4,0.0015,49.19,2441,2380,2361,2341,0.8902,18.6335
X-TDI-2026-39691- Back to Cool-AT,Contest,2026-08-25,,,480x360v,München,2720,2,0.0007,48.96,2480,2431,2404,2389,0.9054,18.7147
X-TDI-2026-39691- Back to Cool-AT,Contest,2026-08-26,,,480x360v,München,2816,9,0.0032,50.69,2554,2501,2477,2460,0.9029,18.6911
X-TDI-2026-39691- Back to Cool-AT,Contest,2026-08-27,,,480x360v,München,2781,5,0.0018,50.06,2526,2457,2442,2429,0.9005,18.6295
X-TDI-2026-39691- Back to Cool-AT,Contest,2026-08-28,,,480x360v,München,2798,6,0.0021,50.36,2515,2446,2409,2392,0.8912,18.4465
X-TDI-2026-39691- Back to Cool-AT,Contest,2026-08-29,,,480x360v,München,2813,7,0.0025,50.63,2513,2444,2413,2393,0.8871,18.4378
X-TDI-2026-39691- Back to Cool-AT,Contest,2026-08-30,,,480x360v,München,2641,1,0.0004,47.54,2385,2315,2292,2279,0.8956,18.6423
X-TDI-2026-39691- Back to Cool-AT,Generic,2026-08-10,,,480x360v,München,10099,22,0.0022,181.78,8905,8658,8533,8457,0.8754,18.2716
X-TDI-2026-39691- Back to Cool-AT,Generic,2026-08-11,,,480x360v,München,16180,21,0.0013,291.24,14514,14084,13937,13803,0.889,18.3935
X-TDI-2026-39691- Back to Cool-AT,Generic,2026-08-12,,,480x360v,München,18519,35,0.0019,333.34,16625,16161,15956,15803,0.8905,18.4339
X-TDI-2026-39691- Back to Cool-AT,Generic,2026-08-13,,,480x360v,München,32435,74,0.0023,583.83,29417,28740,28450,28241,0.9021,18.6333
X-TDI-2026-39691- Back to Cool-AT,Generic,2026-08-14,,,480x360v,München,25807,44,0.0017,464.53,23319,22847,22586,22451,0.9002,18.6478
X-TDI-2026-39691- Back to Cool-AT,Generic,2026-08-15,,,480x360v,München,31831,54,0.0017,572.96,28740,28027,27722,27534,0.8967,18.6019
X-TDI-2026-39691- Back to Cool-AT,Generic,2026-08-16,,,480x360v,München,35812,58,0.0016,644.62,32276,31546,31174,30949,0.8964,18.5874
X-TDI-2026-39691- Back to Cool-AT,Generic,2026-08-17,,,480x360v,München,41613,65,0.0016,749.03,37728,36859,36475,36205,0.9012,18.6763
X-TDI-2026-39691- Back to Cool-AT,Generic,2026-08-18,,,480x360v,München,39525,71,0.0018,711.45,35834,35050,34664,34429,0.9016,18.6604
X-TDI-2026-39691- Back to Cool-AT,Generic,2026-08-19,,,480x360v,München,36027,67,0.0019,648.49,32347,31628,31319,31088,0.8931,18.6077
X-TDI-2026-39691- Back to Cool-AT,Generic,2026-08-20,,,480x360v,München,9646,15,0.0016,173.63,8674,8461,8368,8312,0.8939,18.5133
X-TDI-2026-39691- Back to Cool-AT,Generic,2026-08-21,,,480x360v,München,2714,5,0.0018,48.85,2477,2414,2385,2364,0.9041,18.5397
X-TDI-2026-39691- Back to Cool-AT,Generic,2026-08-22,,,480x360v,München,2764,3,0.0011,49.75,2477,2422,2391,2373,0.8928,18.5147
X-TDI-2026-39691- Back to Cool-AT,Generic,2026-08-23,,,480x360v,München,2699,6,0.0022,48.58,2429,2376,2348,2340,0.8977,18.626
X-TDI-2026-39691- Back to Cool-AT,Generic,2026-08-24,,,480x360v,München,2754,0,0.0,49.57,2477,2423,2404,2381,0.8953,18.586
X-TDI-2026-39691- Back to Cool-AT,Generic,2026-08-25,,,480x360v,München,2786,3,0.0011,50.15,2525,2465,2438,2418,0.8992,18.5508
X-TDI-2026-39691- Back to Cool-AT,Generic,2026-08-26,,,480x360v,München,2700,3,0.0011,48.60,2415,2362,2343,2336,0.893,18.6065
X-TDI-2026-39691- Back to Cool-AT,Generic,2026-08-27,,,480x360v,München,2780,6,0.0022,50.04,2505,2454,2434,2422,0.8985,18.6486
X-TDI-2026-39691- Back to Cool-AT,Generic,2026-08-28,,,480x360v,München,2738,3,0.0011,49.28,2448,2394,2360,2341,0.89,18.546
X-TDI-2026-39691- Back to Cool-AT,Generic,2026-08-29,,,480x360v,München,2700,8,0.003,48.60,2417,2362,2338,2319,0.8913,18.3612
X-TDI-2026-39691- Back to Cool-AT,Generic,2026-08-30,,,480x360v,München,2603,5,0.0019,46.85,2347,2296,2272,2256,0.8972,18.6105
